2026-07-16 08:55:42,625 | INFO     | No device provided, using cpu
2026-07-16 08:55:43,289 | INFO     | HTTP Request: HEAD https://huggingface.co/BAAI/bge-m3/resolve/main/modules.json "HTTP/1.1 307 Temporary Redirect"
2026-07-16 08:55:43,291 | WARNING  | Warning: You are sending unauthenticated requests to the HF Hub. Please set a HF_TOKEN to enable higher rate limits and faster downloads.
2026-07-16 08:55:43,300 | INFO     | HTTP Request: HEAD https://huggingface.co/api/resolve-cache/models/BAAI/bge-m3/5617a9f61b028005a4858fdac845db406aefb181/modules.json "HTTP/1.1 200 OK"
2026-07-16 08:55:43,598 | INFO     | HTTP Request: HEAD https://huggingface.co/BAAI/bge-m3/resolve/main/config_sentence_transformers.json "HTTP/1.1 307 Temporary Redirect"
2026-07-16 08:55:43,608 | INFO     | HTTP Request: HEAD https://huggingface.co/api/resolve-cache/models/BAAI/bge-m3/5617a9f61b028005a4858fdac845db406aefb181/config_sentence_transformers.json "HTTP/1.1 200 OK"
2026-07-16 08:55:43,610 | INFO     | Loading SentenceTransformer model from BAAI/bge-m3.
2026-07-16 08:55:43,906 | INFO     | HTTP Request: HEAD https://huggingface.co/BAAI/bge-m3/resolve/main/config_sentence_transformers.json "HTTP/1.1 307 Temporary Redirect"
2026-07-16 08:55:43,914 | INFO     | HTTP Request: HEAD https://huggingface.co/api/resolve-cache/models/BAAI/bge-m3/5617a9f61b028005a4858fdac845db406aefb181/config_sentence_transformers.json "HTTP/1.1 200 OK"
2026-07-16 08:55:44,212 | INFO     | HTTP Request: HEAD https://huggingface.co/BAAI/bge-m3/resolve/main/README.md "HTTP/1.1 307 Temporary Redirect"
2026-07-16 08:55:44,221 | INFO     | HTTP Request: HEAD https://huggingface.co/api/resolve-cache/models/BAAI/bge-m3/5617a9f61b028005a4858fdac845db406aefb181/README.md "HTTP/1.1 200 OK"
2026-07-16 08:55:44,622 | INFO     | HTTP Request: HEAD https://huggingface.co/BAAI/bge-m3/resolve/main/modules.json "HTTP/1.1 307 Temporary Redirect"
2026-07-16 08:55:44,632 | INFO     | HTTP Request: HEAD https://huggingface.co/api/resolve-cache/models/BAAI/bge-m3/5617a9f61b028005a4858fdac845db406aefb181/modules.json "HTTP/1.1 200 OK"
2026-07-16 08:55:44,930 | INFO     | HTTP Request: HEAD https://huggingface.co/BAAI/bge-m3/resolve/main/sentence_bert_config.json "HTTP/1.1 307 Temporary Redirect"
2026-07-16 08:55:44,939 | INFO     | HTTP Request: HEAD https://huggingface.co/api/resolve-cache/models/BAAI/bge-m3/5617a9f61b028005a4858fdac845db406aefb181/sentence_bert_config.json "HTTP/1.1 200 OK"
2026-07-16 08:55:45,236 | INFO     | HTTP Request: HEAD https://huggingface.co/BAAI/bge-m3/resolve/main/adapter_config.json "HTTP/1.1 404 Not Found"
2026-07-16 08:55:45,545 | INFO     | HTTP Request: HEAD https://huggingface.co/BAAI/bge-m3/resolve/main/config.json "HTTP/1.1 307 Temporary Redirect"
2026-07-16 08:55:45,556 | INFO     | HTTP Request: HEAD https://huggingface.co/api/resolve-cache/models/BAAI/bge-m3/5617a9f61b028005a4858fdac845db406aefb181/config.json "HTTP/1.1 200 OK"
2026-07-16 08:55:45,851 | INFO     | HTTP Request: HEAD https://huggingface.co/BAAI/bge-m3/resolve/main/model.safetensors "HTTP/1.1 404 Not Found"
2026-07-16 08:55:46,134 | INFO     | HTTP Request: GET https://huggingface.co/api/models/BAAI/bge-m3 "HTTP/1.1 200 OK"
2026-07-16 08:55:46,466 | INFO     | HTTP Request: HEAD https://huggingface.co/BAAI/bge-m3/resolve/main/processor_config.json "HTTP/1.1 404 Not Found"
2026-07-16 08:55:46,466 | INFO     | HTTP Request: GET https://huggingface.co/api/models/BAAI/bge-m3/commits/main "HTTP/1.1 200 OK"
2026-07-16 08:55:46,774 | INFO     | HTTP Request: GET https://huggingface.co/api/models/BAAI/bge-m3/discussions?p=0 "HTTP/1.1 200 OK"
2026-07-16 08:55:46,774 | INFO     | HTTP Request: HEAD https://huggingface.co/BAAI/bge-m3/resolve/main/preprocessor_config.json "HTTP/1.1 404 Not Found"
2026-07-16 08:55:47,179 | INFO     | HTTP Request: GET https://huggingface.co/api/models/BAAI/bge-m3/commits/refs%2Fpr%2F130 "HTTP/1.1 200 OK"
2026-07-16 08:55:47,179 | INFO     | HTTP Request: HEAD https://huggingface.co/BAAI/bge-m3/resolve/main/video_preprocessor_config.json "HTTP/1.1 404 Not Found"
2026-07-16 08:55:47,498 | INFO     | HTTP Request: HEAD https://huggingface.co/BAAI/bge-m3/resolve/refs%2Fpr%2F130/model.safetensors.index.json "HTTP/1.1 404 Not Found"
2026-07-16 08:55:47,498 | INFO     | HTTP Request: HEAD https://huggingface.co/BAAI/bge-m3/resolve/main/preprocessor_config.json "HTTP/1.1 404 Not Found"
2026-07-16 08:55:47,796 | INFO     | HTTP Request: HEAD https://huggingface.co/BAAI/bge-m3/resolve/main/tokenizer_config.json "HTTP/1.1 307 Temporary Redirect"
2026-07-16 08:55:47,801 | INFO     | HTTP Request: HEAD https://huggingface.co/BAAI/bge-m3/resolve/refs%2Fpr%2F130/model.safetensors "HTTP/1.1 302 Found"
2026-07-16 08:55:47,806 | INFO     | HTTP Request: HEAD https://huggingface.co/api/resolve-cache/models/BAAI/bge-m3/5617a9f61b028005a4858fdac845db406aefb181/tokenizer_config.json "HTTP/1.1 200 OK"
2026-07-16 08:55:48,104 | INFO     | HTTP Request: HEAD https://huggingface.co/BAAI/bge-m3/resolve/main/config.json "HTTP/1.1 307 Temporary Redirect"
2026-07-16 08:55:48,114 | INFO     | HTTP Request: HEAD https://huggingface.co/api/resolve-cache/models/BAAI/bge-m3/5617a9f61b028005a4858fdac845db406aefb181/config.json "HTTP/1.1 200 OK"
2026-07-16 08:55:48,413 | INFO     | HTTP Request: HEAD https://huggingface.co/BAAI/bge-m3/resolve/main/config.json "HTTP/1.1 307 Temporary Redirect"
2026-07-16 08:55:48,423 | INFO     | HTTP Request: HEAD https://huggingface.co/api/resolve-cache/models/BAAI/bge-m3/5617a9f61b028005a4858fdac845db406aefb181/config.json "HTTP/1.1 200 OK"
2026-07-16 08:55:48,718 | INFO     | HTTP Request: HEAD https://huggingface.co/BAAI/bge-m3/resolve/main/tokenizer_config.json "HTTP/1.1 307 Temporary Redirect"
2026-07-16 08:55:48,727 | INFO     | HTTP Request: HEAD https://huggingface.co/api/resolve-cache/models/BAAI/bge-m3/5617a9f61b028005a4858fdac845db406aefb181/tokenizer_config.json "HTTP/1.1 200 OK"
2026-07-16 08:55:49,025 | INFO     | HTTP Request: GET https://huggingface.co/api/models/BAAI/bge-m3/tree/main/additional_chat_templates?recursive=false&expand=false "HTTP/1.1 404 Not Found"
2026-07-16 08:55:49,333 | INFO     | HTTP Request: GET https://huggingface.co/api/models/BAAI/bge-m3/tree/main?recursive=true&expand=false "HTTP/1.1 200 OK"
2026-07-16 08:55:51,076 | INFO     | HTTP Request: GET https://huggingface.co/api/models/BAAI/bge-m3 "HTTP/1.1 200 OK"
2026-07-16 08:55:51,381 | INFO     | HTTP Request: HEAD https://huggingface.co/BAAI/bge-m3/resolve/main/1_Pooling/config.json "HTTP/1.1 307 Temporary Redirect"
2026-07-16 08:55:51,391 | INFO     | HTTP Request: HEAD https://huggingface.co/api/resolve-cache/models/BAAI/bge-m3/5617a9f61b028005a4858fdac845db406aefb181/1_Pooling%2Fconfig.json "HTTP/1.1 200 OK"
2026-07-16 08:55:51,790 | INFO     | HTTP Request: GET https://huggingface.co/api/models/BAAI/bge-m3 "HTTP/1.1 200 OK"
2026-07-16 08:55:51,834 | INFO     | No device provided, using cpu
2026-07-16 08:55:52,104 | INFO     | HTTP Request: HEAD https://huggingface.co/BAAI/bge-reranker-v2-m3/resolve/main/modules.json "HTTP/1.1 404 Not Found"
2026-07-16 08:55:52,106 | INFO     | No modules.json found for BAAI/bge-reranker-v2-m3, initializing a new CrossEncoder model.
2026-07-16 08:55:52,380 | INFO     | HTTP Request: GET https://huggingface.co/api/models/BAAI/bge-reranker-v2-m3 "HTTP/1.1 200 OK"
2026-07-16 08:55:52,611 | INFO     | HTTP Request: HEAD https://huggingface.co/BAAI/bge-reranker-v2-m3/resolve/main/config.json "HTTP/1.1 307 Temporary Redirect"
2026-07-16 08:55:52,621 | INFO     | HTTP Request: HEAD https://huggingface.co/api/resolve-cache/models/BAAI/bge-reranker-v2-m3/953dc6f6f85a1b2dbfca4c34a2796e7dde08d41e/config.json "HTTP/1.1 200 OK"
2026-07-16 08:55:52,918 | INFO     | HTTP Request: HEAD https://huggingface.co/BAAI/bge-reranker-v2-m3/resolve/main/adapter_config.json "HTTP/1.1 404 Not Found"
2026-07-16 08:55:53,125 | INFO     | HTTP Request: HEAD https://huggingface.co/BAAI/bge-reranker-v2-m3/resolve/main/config.json "HTTP/1.1 307 Temporary Redirect"
2026-07-16 08:55:53,134 | INFO     | HTTP Request: HEAD https://huggingface.co/api/resolve-cache/models/BAAI/bge-reranker-v2-m3/953dc6f6f85a1b2dbfca4c34a2796e7dde08d41e/config.json "HTTP/1.1 200 OK"
2026-07-16 08:55:53,531 | INFO     | HTTP Request: HEAD https://huggingface.co/BAAI/bge-reranker-v2-m3/resolve/main/processor_config.json "HTTP/1.1 404 Not Found"
2026-07-16 08:55:53,839 | INFO     | HTTP Request: HEAD https://huggingface.co/BAAI/bge-reranker-v2-m3/resolve/main/preprocessor_config.json "HTTP/1.1 404 Not Found"
2026-07-16 08:55:54,141 | INFO     | HTTP Request: HEAD https://huggingface.co/BAAI/bge-reranker-v2-m3/resolve/main/video_preprocessor_config.json "HTTP/1.1 404 Not Found"
2026-07-16 08:55:54,416 | INFO     | HTTP Request: HEAD https://huggingface.co/BAAI/bge-reranker-v2-m3/resolve/main/preprocessor_config.json "HTTP/1.1 404 Not Found"
2026-07-16 08:55:54,761 | INFO     | HTTP Request: HEAD https://huggingface.co/BAAI/bge-reranker-v2-m3/resolve/main/tokenizer_config.json "HTTP/1.1 307 Temporary Redirect"
2026-07-16 08:55:54,773 | INFO     | HTTP Request: HEAD https://huggingface.co/api/resolve-cache/models/BAAI/bge-reranker-v2-m3/953dc6f6f85a1b2dbfca4c34a2796e7dde08d41e/tokenizer_config.json "HTTP/1.1 200 OK"
2026-07-16 08:55:55,067 | INFO     | HTTP Request: HEAD https://huggingface.co/BAAI/bge-reranker-v2-m3/resolve/main/config.json "HTTP/1.1 307 Temporary Redirect"
2026-07-16 08:55:55,079 | INFO     | HTTP Request: HEAD https://huggingface.co/api/resolve-cache/models/BAAI/bge-reranker-v2-m3/953dc6f6f85a1b2dbfca4c34a2796e7dde08d41e/config.json "HTTP/1.1 200 OK"
2026-07-16 08:55:55,374 | INFO     | HTTP Request: HEAD https://huggingface.co/BAAI/bge-reranker-v2-m3/resolve/main/config.json "HTTP/1.1 307 Temporary Redirect"
2026-07-16 08:55:55,384 | INFO     | HTTP Request: HEAD https://huggingface.co/api/resolve-cache/models/BAAI/bge-reranker-v2-m3/953dc6f6f85a1b2dbfca4c34a2796e7dde08d41e/config.json "HTTP/1.1 200 OK"
2026-07-16 08:55:55,682 | INFO     | HTTP Request: HEAD https://huggingface.co/BAAI/bge-reranker-v2-m3/resolve/main/tokenizer_config.json "HTTP/1.1 307 Temporary Redirect"
2026-07-16 08:55:55,692 | INFO     | HTTP Request: HEAD https://huggingface.co/api/resolve-cache/models/BAAI/bge-reranker-v2-m3/953dc6f6f85a1b2dbfca4c34a2796e7dde08d41e/tokenizer_config.json "HTTP/1.1 200 OK"
2026-07-16 08:55:55,990 | INFO     | HTTP Request: GET https://huggingface.co/api/models/BAAI/bge-reranker-v2-m3/tree/main/additional_chat_templates?recursive=false&expand=false "HTTP/1.1 404 Not Found"
2026-07-16 08:55:56,406 | INFO     | HTTP Request: GET https://huggingface.co/api/models/BAAI/bge-reranker-v2-m3/tree/main?recursive=true&expand=false "HTTP/1.1 200 OK"
2026-07-16 08:55:57,945 | INFO     | HTTP Request: GET https://huggingface.co/api/models/BAAI/bge-reranker-v2-m3 "HTTP/1.1 200 OK"
2026-07-16 08:56:20,604 | INFO     | HTTP Request: POST http://127.0.0.1:11434/api/chat "HTTP/1.1 200 OK"
2026-07-16 08:56:20,605 | INFO     | 
================================================================================
2026-07-16 08:56:20,606 | INFO     | SEARCH QUERY
2026-07-16 08:56:20,606 | INFO     | ================================================================================
2026-07-16 08:56:20,606 | INFO     | function to reduce element size
2026-07-16 08:56:20,607 | INFO     | 
================================================================================
2026-07-16 08:56:20,607 | INFO     | QUESTION SPECIFIC RULES
2026-07-16 08:56:20,608 | INFO     | ================================================================================
2026-07-16 08:56:20,608 | INFO     | - Preserve technical terminology exactly.
2026-07-16 08:56:20,609 | INFO     | - Remove conversational words and answer formatting instructions.
2026-07-16 08:56:20,609 | INFO     | -------
2026-07-16 08:56:20,610 | INFO     | ================================================================================
2026-07-16 08:56:20,610 | INFO     | SEARCH QUERY
2026-07-16 08:56:20,611 | INFO     | ================================================================================
2026-07-16 08:56:20,611 | INFO     | function to reduce element size
2026-07-16 08:56:20,611 | INFO     | **************
2026-07-16 08:56:20,612 | INFO     | ================================================================================
2026-07-16 08:56:20,613 | INFO     | QUESTION SPECIFIC RULES
2026-07-16 08:56:20,613 | INFO     | ================================================================================
2026-07-16 08:56:21,518 | INFO     | 
Connecting PostgreSQL...
2026-07-16 08:56:21,783 | INFO     | 
================================================================================
2026-07-16 08:56:21,784 | INFO     | TOP VECTOR SEARCH RESULTS
2026-07-16 08:56:21,785 | INFO     | ================================================================================
2026-07-16 08:56:21,786 | INFO     | 
Rank : 1
2026-07-16 08:56:21,787 | INFO     | Distance : 0.45469
2026-07-16 08:56:21,788 | INFO     | Source : ABB 800xA.pdf
2026-07-16 08:56:21,789 | INFO     | --------------------------------------------------------------------------------
2026-07-16 08:56:21,789 | INFO     | The faceplate element area in Figure 187 contains two tab groups with the displayed faceplate elements Interlock and TrimCurve.
Figure 187. Example of a Faceplate Element Area
Image
The faceplate element area can also contain graphic information as shown in Figure 188.
Figure 188. Faceplate Element 
2026-07-16 08:56:21,790 | INFO     | 
Rank : 2
2026-07-16 08:56:21,790 | INFO     | Distance : 0.45679
2026-07-16 08:56:21,790 | INFO     | Source : ABB 800xA.pdf
2026-07-16 08:56:21,791 | INFO     | --------------------------------------------------------------------------------
2026-07-16 08:56:21,791 | INFO     | To open the context menu right-click in the window.
Figure 138. Structure Diagram, Context Menu
Image
Image
The context menu allows the following selection:
Table 11. Context Menu Functions
Zoom -, Description = Selection of zoom - allows to make the elements smaller. Zoom +, Description = Selection
2026-07-16 08:56:21,792 | INFO     | 
Rank : 3
2026-07-16 08:56:21,792 | INFO     | Distance : 0.47132
2026-07-16 08:56:21,793 | INFO     | Source : ABB 800xA.pdf
2026-07-16 08:56:21,793 | INFO     | --------------------------------------------------------------------------------
2026-07-16 08:56:21,794 | INFO     | The faceplate element area in Figure 58 contains two tab groups with the displayed faceplate elements Interlock and TrimCurve.
Figure 58. Example of a Faceplate Element Area
Image
The faceplate element area can also contain graphic information as shown in Figure 59.
Figure 59. Faceplate Element with
2026-07-16 08:56:21,794 | INFO     | 
Rank : 4
2026-07-16 08:56:21,794 | INFO     | Distance : 0.47541
2026-07-16 08:56:21,795 | INFO     | Source : ABB 800xA.pdf
2026-07-16 08:56:21,795 | INFO     | --------------------------------------------------------------------------------
2026-07-16 08:56:21,796 | INFO     | With the filter drop-down menu (on the right-hand side of the Tool Bar) you can limit the information in for example an object's context menu to show only the information that is relevant for you. There are different filters for different users.
Figure 11. Filter Drop-Down Menu
Image
The tooltips in
2026-07-16 08:56:21,796 | INFO     | 
Rank : 5
2026-07-16 08:56:21,797 | INFO     | Distance : 0.47879
2026-07-16 08:56:21,797 | INFO     | Source : ABB 800xA.pdf
2026-07-16 08:56:21,798 | INFO     | --------------------------------------------------------------------------------
2026-07-16 08:56:21,798 | INFO     | The area size ruler (see Figure 123) is used for zooming in an area. To use this ruler in the Main and Top Views:

1. Select the area size ruler in the Select Ruler drop-down menu or if it is selected click the ruler button in the Trend Tool Bar. This will place the ruler on the graphical view.
2. 
2026-07-16 08:56:21,799 | INFO     | 
Rank : 6
2026-07-16 08:56:21,799 | INFO     | Distance : 0.48293
2026-07-16 08:56:21,800 | INFO     | Source : ABB 800xA.pdf
2026-07-16 08:56:21,801 | INFO     | --------------------------------------------------------------------------------
2026-07-16 08:56:21,801 | INFO     | It will set up the magnifying glass area with a default start and end time (about 20 percent centered), using 35 percent of the area for the magnifying glass.  To resize the magnifying glass area, position the pointer at the edge of the grey area. Click the left mouse button, move the pointer and r
2026-07-16 08:56:21,802 | INFO     | 
Rank : 7
2026-07-16 08:56:21,802 | INFO     | Distance : 0.48709
2026-07-16 08:56:21,803 | INFO     | Source : ABB 800xA.pdf
2026-07-16 08:56:21,804 | INFO     | --------------------------------------------------------------------------------
2026-07-16 08:56:21,805 | INFO     | It is possible to adjust the size of the Trend Area and the Trend Table to your preference. Drag the Split Bar, which is located between the Trend Tool Bar and the Trend Table, to the desired position. It is possible to enlarge the Trend Table until all rows are visible but not further. The Split Ba
2026-07-16 08:56:21,806 | INFO     | 
Rank : 8
2026-07-16 08:56:21,807 | INFO     | Distance : 0.49176
2026-07-16 08:56:21,807 | INFO     | Source : ABB 800xA.pdf
2026-07-16 08:56:21,808 | INFO     | --------------------------------------------------------------------------------
2026-07-16 08:56:21,809 | INFO     | The Trend Tool Bar contains buttons for frequently used functions to operate the Trend Display. See Figure 106.
The Trend Tool Bar lets you, among other things:
- freeze the graphical view in time. See Block/Unblock.
- select a point on the graphical view, and then read the corresponding times and v
2026-07-16 08:56:21,809 | INFO     | 
Rank : 9
2026-07-16 08:56:21,810 | INFO     | Distance : 0.50032
2026-07-16 08:56:21,810 | INFO     | Source : ABB 800xA.pdf
2026-07-16 08:56:21,811 | INFO     | --------------------------------------------------------------------------------
2026-07-16 08:56:21,811 | INFO     | The horizontal size ruler (see Figure 122) is used for zooming in on the vertical axis. To use this ruler in the Main and Top Views:
1. Select the horizontal size ruler in the Select Ruler drop-down menu or if it is selected click the ruler button in the Trend Tool Bar. This will place the ruler on 
2026-07-16 08:56:21,812 | INFO     | 
Rank : 10
2026-07-16 08:56:21,812 | INFO     | Distance : 0.50570
2026-07-16 08:56:21,814 | INFO     | Source : ABB 800xA.pdf
2026-07-16 08:56:21,815 | INFO     | --------------------------------------------------------------------------------
2026-07-16 08:56:21,815 | INFO     | Some of the functions in the Trend Tool Bar can be made with typing letters on the keyboard. Note that the Trend Area must be active for this function to work, see Table 9.
Table 9. Keyboard functions in Trend Display
I, Description = Zoom in. O, Description = Zoom out. A, Description = Toggle betwe
2026-07-16 08:57:03,614 | INFO     | 
================================================================================
2026-07-16 08:57:03,614 | INFO     | TOP RERANKED CHUNKS
2026-07-16 08:57:03,615 | INFO     | ================================================================================
2026-07-16 08:57:03,616 | INFO     | 
Rank : 1
2026-07-16 08:57:03,617 | INFO     | Distance : 0.45679
2026-07-16 08:57:03,618 | INFO     | Reranker : 0.96865
2026-07-16 08:57:03,619 | INFO     | Source : ABB 800xA.pdf
2026-07-16 08:57:03,620 | INFO     | --------------------------------------------------------------------------------
2026-07-16 08:57:03,621 | INFO     | To open the context menu right-click in the window.
Figure 138. Structure Diagram, Context Menu
Image
Image
The context menu allows the following selection:
Table 11. Context Menu Functions
Zoom -, Description = Selection of zoom - allows to make the elements smaller. Zoom +, Description = Selection of zoom + allows to make the elements bigger. Zoom >, Description = The opened submenu allows to select a specific zoom level. Whole Structure, Description = Display the whole network structure. Defa
2026-07-16 08:57:03,622 | INFO     | 
Rank : 2
2026-07-16 08:57:03,622 | INFO     | Distance : 0.47132
2026-07-16 08:57:03,623 | INFO     | Reranker : 0.01706
2026-07-16 08:57:03,624 | INFO     | Source : ABB 800xA.pdf
2026-07-16 08:57:03,624 | INFO     | --------------------------------------------------------------------------------
2026-07-16 08:57:03,625 | INFO     | The faceplate element area in Figure 58 contains two tab groups with the displayed faceplate elements Interlock and TrimCurve.
Figure 58. Example of a Faceplate Element Area
Image
The faceplate element area can also contain graphic information as shown in Figure 59.
Figure 59. Faceplate Element with Bargraph
Image
- Bargraph

The bargraph displays an object property value. You can modify the value by dragging the handle.
- Numeric presentation window  Displays the value of some object property
2026-07-16 08:57:03,626 | INFO     | 
Rank : 3
2026-07-16 08:57:03,627 | INFO     | Distance : 0.45469
2026-07-16 08:57:03,628 | INFO     | Reranker : 0.01287
2026-07-16 08:57:03,629 | INFO     | Source : ABB 800xA.pdf
2026-07-16 08:57:03,630 | INFO     | --------------------------------------------------------------------------------
2026-07-16 08:57:03,631 | INFO     | The faceplate element area in Figure 187 contains two tab groups with the displayed faceplate elements Interlock and TrimCurve.
Figure 187. Example of a Faceplate Element Area
Image
The faceplate element area can also contain graphic information as shown in Figure 188.
Figure 188. Faceplate Element with Bargraph
Image
- Bargraph

The bargraph displays an object property value. You can modify the value by dragging the handle.
- Numeric presentation window  Displays the value of some object prop
2026-07-16 08:57:03,631 | INFO     | 
Rank : 4
2026-07-16 08:57:03,632 | INFO     | Distance : 0.50570
2026-07-16 08:57:03,632 | INFO     | Reranker : 0.00855
2026-07-16 08:57:03,633 | INFO     | Source : ABB 800xA.pdf
2026-07-16 08:57:03,634 | INFO     | --------------------------------------------------------------------------------
2026-07-16 08:57:03,635 | INFO     | Some of the functions in the Trend Tool Bar can be made with typing letters on the keyboard. Note that the Trend Area must be active for this function to work, see Table 9.
Table 9. Keyboard functions in Trend Display
I, Description = Zoom in. O, Description = Zoom out. A, Description = Toggle between area zoom and vertical ruler.. P, Description = Toggle between normal and X/Y plot mode. G, Description = Toggle between normal and looking glass mode. Q, Description = Removes the ruler. N, Descri
2026-07-16 08:57:03,636 | INFO     | 
Rank : 5
2026-07-16 08:57:03,638 | INFO     | Distance : 0.49176
2026-07-16 08:57:03,638 | INFO     | Reranker : 0.00278
2026-07-16 08:57:03,639 | INFO     | Source : ABB 800xA.pdf
2026-07-16 08:57:03,640 | INFO     | --------------------------------------------------------------------------------
2026-07-16 08:57:03,640 | INFO     | The Trend Tool Bar contains buttons for frequently used functions to operate the Trend Display. See Figure 106.
The Trend Tool Bar lets you, among other things:
- freeze the graphical view in time. See Block/Unblock.
- select a point on the graphical view, and then read the corresponding times and values for each trace. See Move Ruler.
- pan the Trend Area left and right. See Move Scope.
- zoom in to see greater detail, and zoom out to see a wider time scope. See Zoom in/out.

Figure 106. Trend
2026-07-16 08:57:03,641 | INFO     | 
================================================================================
2026-07-16 08:57:03,642 | INFO     | 
================================================================================
2026-07-16 08:57:03,643 | INFO     | RULES
2026-07-16 08:57:03,644 | INFO     | ================================================================================
2026-07-16 08:57:03,645 | INFO     | 1. Use ONLY the supplied context.
2026-07-16 08:57:03,646 | INFO     | 2. Do NOT use outside knowledge.
2026-07-16 08:57:03,647 | INFO     | 3. Return only the requested information.
2026-07-16 08:57:03,648 | INFO     | 4. Do not explain unless requested.
2026-07-16 08:57:03,649 | INFO     | 5. Do not summarize unless requested.
2026-07-16 08:57:03,650 | INFO     | 6. If the answer appears explicitly in the context, return it exactly.If the context partially answers the question, return the available information.Only reply 'Data is not available.' when no relevant information exists.
2026-07-16 08:57:03,651 | INFO     | 7. Preserve technical terminology exactly.
2026-07-16 08:57:03,652 | INFO     | 8. Remove conversational words and answer formatting instructions.
2026-07-16 08:57:03,653 | INFO     | prompt:= 
You are a RAG assistant.

Answer ONLY from the supplied context.

Context:
To open the context menu right-click in the window.
Figure 138. Structure Diagram, Context Menu
Image
Image
The context menu allows the following selection:
Table 11. Context Menu Functions
Zoom -, Description = Selection of zoom - allows to make the elements smaller. Zoom +, Description = Selection of zoom + allows to make the elements bigger. Zoom >, Description = The opened submenu allows to select a specific zoom level. Whole Structure, Description = Display the whole network structure. Default Size, Description = Display the elements with default size inside the structure window. Auto Scroll, Description = The display is updated automatically as the sequence continues to be processed. Deselection allows to move manually over the network structure

To open the context menu right-click in the window.
Figure 138. Structure Diagram, Context Menu
Image
Image
The context menu allows the following selection:
Table 11. Context Menu Functions
Zoom -, Description = Selection of zoom - allows to make the elements smaller. Zoom +, Description = Selection of zoom + allows to make the elements bigger. Zoom >, Description = The opened submenu allows to select a specific zoom level. Whole Structure, Description = Display the whole network structure. Default Size, Description = Display the elements with default size inside the structure window. Auto Scroll, Description = The display is updated automatically as the sequence continues to be processed. Deselection allows to move manually over the network structure

Zooming

Headings: Zooming

[OCR_IMAGE_TEXT:img_00248]
Programl : Code SFC Viewer
Program1:Code SFC Viewer
S1
Zoom-
Zoom+
Tr2
Zoom>
50 %
Tr13
Whole Structure
75 %
S4
Actual Size
100 %
125 %
Auto Scroll
150 %
DisableAll Actions
Tr4
175 %
Block AllTransitions
200 %
Lock
S5
300 %
Tr6
Tr9
Tr14
S9
S14
Tr13
Tr12
Tr15
S4
S12

[OCR_IMAGE_TEXT:img_00249]
No text found

The faceplate element area in Figure 58 contains two tab groups with the displayed faceplate elements Interlock and TrimCurve.
Figure 58. Example of a Faceplate Element Area
Image
The faceplate element area can also contain graphic information as shown in Figure 59.
Figure 59. Faceplate Element with Bargraph
Image
- Bargraph

The bargraph displays an object property value. You can modify the value by dragging the handle.
- Numeric presentation window  Displays the value of some object property.
- Direct entry window

Open the handle via a click in the bargraph, or in the numeric presentation. Modify the data in the direct entry window by:
- -Manually enter the value in the direct entry window.
- -Click the Up and Down arrows) in the direct entry window. This changes the value to a smaller range (1%).

- -Use the up and down arrow keys on the keyboard. This changes the value to a smaller range (1%).

The faceplate element area in Figure 58 contains two tab groups with the displayed faceplate elements Interlock and TrimCurve.
Figure 58. Example of a Faceplate Element Area
Image
The faceplate element area can also contain graphic information as shown in Figure 59.
Figure 59. Faceplate Element with Bargraph
Image
- Bargraph

The bargraph displays an object property value. You can modify the value by dragging the handle.
- Numeric presentation window  Displays the value of some object property.
- Direct entry window

Open the handle via a click in the bargraph, or in the numeric presentation. Modify the data in the direct entry window by:
- -Manually enter the value in the direct entry window.
- -Click the Up and Down arrows) in the direct entry window. This changes the value to a smaller range (1%).

- -Use the up and down arrow keys on the keyboard. This changes the value to a smaller range (1%).

Element Area

Headings: Element Area

[OCR_IMAGE_TEXT:img_00099]
Tabgroup1
Tab group 2
Interlock
Command
10Status
Trim Curves
Parameters
100.00
ProcessInterlock
MY
Forced to Foward
Forced to Reverse
Safety Interlock
MP301
MP301
MP301
Start/Stop Interlock
Others
Foward
OE Disabled
Reverse
Inhibit
Stop
0.00
4M
Grid
OMS

[OCR_IMAGE_TEXT:img_00100]
100
MV
20.00

The faceplate element area in Figure 187 contains two tab groups with the displayed faceplate elements Interlock and TrimCurve.
Figure 187. Example of a Faceplate Element Area
Image
The faceplate element area can also contain graphic information as shown in Figure 188.
Figure 188. Faceplate Element with Bargraph
Image
- Bargraph

The bargraph displays an object property value. You can modify the value by dragging the handle.
- Numeric presentation window  Displays the value of some object property.
- Direct entry window

Open the handle via a click in the bargraph, or in the numeric presentation. Modify the data in the direct entry window by:
- -Manually enter the value in the direct entry window.
- -Click the Up and Down arrows) in the direct entry window. This changes the value to a smaller range (1%).


- -Use the up and down arrow keys on the keyboard. This changes the value to a smaller range (1%).
- -Use the Page Up and Page Down keys on the keyboard.  This changes the value more (10%), than the two previous alternatives. Apply the value:
Click the Apply button, or press Enter on the keyboard.

Cancel and close the direct entry window (there are several ways):

Press the Esc key on the keyboard, or click in a neutral area on the side, within the faceplate.

The faceplate element area in Figure 187 contains two tab groups with the displayed faceplate elements Interlock and TrimCurve.
Figure 187. Example of a Faceplate Element Area
Image
The faceplate element area can also contain graphic information as shown in Figure 188.
Figure 188. Faceplate Element with Bargraph
Image
- Bargraph

The bargraph displays an object property value. You can modify the value by dragging the handle.
- Numeric presentation window  Displays the value of some object property.
- Direct entry window

Open the handle via a click in the bargraph, or in the numeric presentation. Modify the data in the direct entry window by:
- -Manually enter the value in the direct entry window.
- -Click the Up and Down arrows) in the direct entry window. This changes the value to a smaller range (1%).


- -Use the up and down arrow keys on the keyboard. This changes the value to a smaller range (1%).
- -Use the Page Up and Page Down keys on the keyboard.  This changes the value more (10%), than the two previous alternatives. Apply the value:
Click the Apply button, or press Enter on the keyboard.

Cancel and close the direct entry window (there are several ways):

Press the Esc key on the keyboard, or click in a neutral area on the side, within the faceplate.

Element Area

Headings: Element Area

[OCR_IMAGE_TEXT:img_00342]
Tab group 1
Tab group 2
Interlock
Command
10Status
TrimCurves
Parameters
ProcessInterlock
100.00
Forced to Foward
Forced to Reverse
Safety Interlock
MP301
MP301
MP301
Start/Stop Interlock
Others
Foward
OE Disabled
Revetse
Inhibit
Stop
0.00
4M
Grid
OMS

[OCR_IMAGE_TEXT:img_00343]
100
MV
44.32

Some of the functions in the Trend Tool Bar can be made with typing letters on the keyboard. Note that the Trend Area must be active for this function to work, see Table 9.
Table 9. Keyboard functions in Trend Display
I, Description = Zoom in. O, Description = Zoom out. A, Description = Toggle between area zoom and vertical ruler.. P, Description = Toggle between normal and X/Y plot mode. G, Description = Toggle between normal and looking glass mode. Q, Description = Removes the ruler. N, Description = Sets auto scroll on. R, Description = Resets Y zoom. L, Description = Clears trim curves and redraws trend. Z, Description = Toggle between ruler and zoom mode. X, Description = Toggles mode between vertical ruler and horizontal ruler, or between vertical zoom and horizontal zoom
Table 9. Keyboard functions in Trend Display (Continued)
C, Description = Removes the ruler. Q, Description = Removes the ruler. Shift-Ctrl-C, Description = Puts data on clipboard with full time resolution. B, Description = Toggle between Y buffer and order draw. H, Description = Displays Trend Keyboard Help. M-B, Description = Toggle between bad data mode Nothing and Dashed. M-D, Description = Toggle between draw mod, Linear, Stepped, Filled and Point. M-I, Description = Toggle between item draw mode. Ctrl-C, Description = Puts data on clipboard. , Description = 
Removes the ruler
Removes the ruler
Removes the ruler
Scrolls left
Moves ruler left
Scrolls right
Moves ruler right
Moves horizontal ruler up
Moves horizontal ruler down
Executes operation performed using the keyboard
Executes operation performed using the keyboard

Some of the functions in the Trend Tool Bar can be made with typing letters on the keyboard. Note that the Trend Area must be active for this function to work, see Table 9.
Table 9. Keyboard functions in Trend Display
I, Description = Zoom in. O, Description = Zoom out. A, Description = Toggle between area zoom and vertical ruler.. P, Description = Toggle between normal and X/Y plot mode. G, Description = Toggle between normal and looking glass mode. Q, Description = Removes the ruler. N, Description = Sets auto scroll on. R, Description = Resets Y zoom. L, Description = Clears trim curves and redraws trend. Z, Description = Toggle between ruler and zoom mode. X, Description = Toggles mode between vertical ruler and horizontal ruler, or between vertical zoom and horizontal zoom
Table 9. Keyboard functions in Trend Display (Continued)
C, Description = Removes the ruler. Q, Description = Removes the ruler. Shift-Ctrl-C, Description = Puts data on clipboard with full time resolution. B, Description = Toggle between Y buffer and order draw. H, Description = Displays Trend Keyboard Help. M-B, Description = Toggle between bad data mode Nothing and Dashed. M-D, Description = Toggle between draw mod, Linear, Stepped, Filled and Point. M-I, Description = Toggle between item draw mode. Ctrl-C, Description = Puts data on clipboard. , Description = 
Removes the ruler
Removes the ruler
Removes the ruler
Scrolls left
Moves ruler left
Scrolls right
Moves ruler right
Moves horizontal ruler up
Moves horizontal ruler down
Executes operation performed using the keyboard
Executes operation performed using the keyboard

Keyboard Functions

Headings: Keyboard Functions

The Trend Tool Bar contains buttons for frequently used functions to operate the Trend Display. See Figure 106.
The Trend Tool Bar lets you, among other things:
- freeze the graphical view in time. See Block/Unblock.
- select a point on the graphical view, and then read the corresponding times and values for each trace. See Move Ruler.
- pan the Trend Area left and right. See Move Scope.
- zoom in to see greater detail, and zoom out to see a wider time scope. See Zoom in/out.

Figure 106. Trend Tool Bar
Image
- Save Configuration
Image
The Save button is enabled when changes to the trend configuration have been made. Depending on your permissions you can save the changed configuration.
- Cancel Changes 57
The Cancel Changes button cancels all unsaved changes in the Trend Display view. Note that not all changes can be canceled.

- Reset to Template
Image
The Reset button resets all applicable data in the Trend Display configuration to the default read from the template configuration. That means that a change to the Trend Template takes effect in the Trend Display when clicking the Reset button. Note that you can lose earlier saved changes.
- Show/Hide Table
Image
The Show/Hide Table button shows or hides the Trend Table. When the button is pressed the table is visible. When the table is hidden, it is replaced by a small table, showing trace colors and logged object in the form object: property, log name. This state is part of the configuration and can be saved with the Save button.
- Block/Unblock
Image
The Block/Unblock button toggles the updating of the graphical view.  A pressed button means the graphical view updating is stopped. By clicking the button again the view is unblocked.
The following operator actions also cause the graphical view to be blocked:
- -moving scope in any direction
- -zooming
- -changing in the Selected Time area in the Trend Tool Bar.
- Print Trend
- -The Print Trend button prints the trend display and the contents of the Trend Table. It will maximize the window before making the screen shot and scale the Trend Table so that all information fits on one page.
- Select Ruler
Image
See Rulers on page 162.
- Move Ruler
Image
See Rulers on page 162.
- Move Scope
Image
Use the Move Scope left/right buttons, to pan the graphical view in the selected direction. The buttons move the scope by 25% of the current time scope. 
The panning blocks the trend updating. Another way to move the scope is to select the vertical ruler and move it outside the grid with the mouse.
- Zoom in/out
Image
Zoom in/out buttons let you zoom in or zoom out around the center point of the scope. Zooming out increases the scope by 50%. Zooming in decreases the scope by a third. The result of a zoom in followed by a zoom out or vice versa leaves the scope unchanged. Zooming can also be done by using the ruler.
- Magnifying Glass
Image
The Magnifying glass button toggles the magnifying glass mode.

The Trend Tool Bar contains buttons for frequently used functions to operate the Trend Display. See Figure 106.
The Trend Tool Bar lets you, among other things:
- freeze the graphical view in time. See Block/Unblock.
- select a point on the graphical view, and then read the corresponding times and values for each trace. See Move Ruler.
- pan the Trend Area left and right. See Move Scope.
- zoom in to see greater detail, and zoom out to see a wider time scope. See Zoom in/out.

Figure 106. Trend Tool Bar
Image
- Save Configuration
Image
The Save button is enabled when changes to the trend configuration have been made. Depending on your permissions you can save the changed configuration.
- Cancel Changes 57
The Cancel Changes button cancels all unsaved changes in the Trend Display view. Note that not all changes can be canceled.

- Reset to Template
Image
The Reset button resets all applicable data in the Trend Display configuration to the default read from the template configuration. That means that a change to the Trend Template takes effect in the Trend Display when clicking the Reset button. Note that you can lose earlier saved changes.
- Show/Hide Table
Image
The Show/Hide Table button shows or hides the Trend Table. When the button is pressed the table is visible. When the table is hidden, it is replaced by a small table, showing trace colors and logged object in the form object: property, log name. This state is part of the configuration and can be saved with the Save button.
- Block/Unblock
Image
The Block/Unblock button toggles the updating of the graphical view.  A pressed button means the graphical view updating is stopped. By clicking the button again the view is unblocked.
The following operator actions also cause the graphical view to be blocked:
- -moving scope in any direction
- -zooming
- -changing in the Selected Time area in the Trend Tool Bar.
- Print Trend
- -The Print Trend button prints the trend display and the contents of the Trend Table. It will maximize the window before making the screen shot and scale the Trend Table so that all information fits on one page.
- Select Ruler
Image
See Rulers on page 162.
- Move Ruler
Image
See Rulers on page 162.
- Move Scope
Image
Use the Move Scope left/right buttons, to pan the graphical view in the selected direction. The buttons move the scope by 25% of the current time scope. 
The panning blocks the trend updating. Another way to move the scope is to select the vertical ruler and move it outside the grid with the mouse.
- Zoom in/out
Image
Zoom in/out buttons let you zoom in or zoom out around the center point of the scope. Zooming out increases the scope by 50%. Zooming in decreases the scope by a third. The result of a zoom in followed by a zoom out or vice versa leaves the scope unchanged. Zooming can also be done by using the ruler.
- Magnifying Glass
Image
The Magnifying glass button toggles the magnifying glass mode.

Trend Tool Bar

Headings: Trend Tool Bar

[OCR_IMAGE_TEXT:img_00188]
10/4/2005
20 Minutes
AX
3:48:34PM
Help Button
XY Plot
MagnifyingGlass
ZoomIn/Out
TimeScope
MoveRuler
SelectedTime
Ruler
Print Trend
Block/Unblock
Move Scope
Show/HideTable
ResettoTemplate
CancelChanges
SaveConfiguration

[OCR_IMAGE_TEXT:img_00189]
No text found

[OCR_IMAGE_TEXT:img_00190]
No text found

[OCR_IMAGE_TEXT:img_00191]
No text found

[OCR_IMAGE_TEXT:img_00192]
No text found

[OCR_IMAGE_TEXT:img_00193]
No text found

[OCR_IMAGE_TEXT:img_00194]
No text found

[OCR_IMAGE_TEXT:img_00195]
No text found

[OCR_IMAGE_TEXT:img_00196]
No text found

[OCR_IMAGE_TEXT:img_00197]
No text found

Question:

which function allows to make the elements smaller?


Rules:
1. Use ONLY the supplied context.
2. Do NOT use outside knowledge.
3. Return only the requested information.
4. Do not explain unless requested.
5. Do not summarize unless requested.
6. If the answer appears explicitly in the context, return it exactly.If the context partially answers the question, return the available information.Only reply 'Data is not available.' when no relevant information exists.
7. Preserve technical terminology exactly.
8. Remove conversational words and answer formatting instructions.


Answer:

2026-07-16 08:57:03,655 | INFO     | 
Generating Answer...

2026-07-16 08:57:08,964 | INFO     | HTTP Request: POST http://127.0.0.1:11434/api/chat "HTTP/1.1 200 OK"
2026-07-16 08:57:08,965 | INFO     | ================================================================================
2026-07-16 08:57:08,966 | INFO     | FINAL ANSWER
2026-07-16 08:57:08,967 | INFO     | ================================================================================
2026-07-16 08:57:08,967 | INFO     | Zoom in/out buttons let you zoom in or zoom out around the center point of the scope. Zooming out increases the scope by 50%.
2026-07-16 08:57:08,968 | INFO     | 
================================================================================
2026-07-16 08:57:08,968 | INFO     | RETRIEVAL STATISTICS
2026-07-16 08:57:08,969 | INFO     | ================================================================================
2026-07-16 08:57:08,970 | INFO     | Vector Search Top-K : 10
2026-07-16 08:57:08,970 | INFO     | Reranker Top-K      : 5
2026-07-16 08:57:08,971 | INFO     | Context Chunks      : 5
2026-07-16 08:57:08,972 | INFO     | Prompt Characters   : 17563
2026-07-16 08:57:08,972 | INFO     | ================================================================================
2026-07-16 08:57:08,980 | INFO     |  Answer:- Zoom in/out buttons let you zoom in or zoom out around the center point of the scope. Zooming out increases the scope by 50%.
2026-07-16 09:02:20,377 | INFO     | HTTP Request: POST http://127.0.0.1:11434/api/chat "HTTP/1.1 200 OK"
2026-07-16 09:02:20,378 | INFO     | 
================================================================================
2026-07-16 09:02:20,379 | INFO     | SEARCH QUERY
2026-07-16 09:02:20,380 | INFO     | ================================================================================
2026-07-16 09:02:20,380 | INFO     | function to make elements smaller
2026-07-16 09:02:20,380 | INFO     | 
================================================================================
2026-07-16 09:02:20,381 | INFO     | QUESTION SPECIFIC RULES
2026-07-16 09:02:20,381 | INFO     | ================================================================================
2026-07-16 09:02:20,382 | INFO     | - Preserve technical terminology exactly.
2026-07-16 09:02:20,383 | INFO     | - Return only relevant results with minimal redundancy.
2026-07-16 09:02:20,383 | INFO     | -------
2026-07-16 09:02:20,384 | INFO     | ================================================================================
2026-07-16 09:02:20,384 | INFO     | SEARCH QUERY
2026-07-16 09:02:20,384 | INFO     | ================================================================================
2026-07-16 09:02:20,386 | INFO     | function to make elements smaller
2026-07-16 09:02:20,386 | INFO     | **************
2026-07-16 09:02:20,386 | INFO     | ================================================================================
2026-07-16 09:02:20,388 | INFO     | QUESTION SPECIFIC RULES
2026-07-16 09:02:20,388 | INFO     | ================================================================================
2026-07-16 09:02:20,908 | INFO     | 
Connecting PostgreSQL...
2026-07-16 09:02:21,000 | INFO     | 
================================================================================
2026-07-16 09:02:21,001 | INFO     | TOP VECTOR SEARCH RESULTS
2026-07-16 09:02:21,002 | INFO     | ================================================================================
2026-07-16 09:02:21,004 | INFO     | 
Rank : 1
2026-07-16 09:02:21,004 | INFO     | Distance : 0.45440
2026-07-16 09:02:21,005 | INFO     | Source : ABB 800xA.pdf
2026-07-16 09:02:21,006 | INFO     | --------------------------------------------------------------------------------
2026-07-16 09:02:21,007 | INFO     | To open the context menu right-click in the window.
Figure 138. Structure Diagram, Context Menu
Image
Image
The context menu allows the following selection:
Table 11. Context Menu Functions
Zoom -, Description = Selection of zoom - allows to make the elements smaller. Zoom +, Description = Selection
2026-07-16 09:02:21,008 | INFO     | 
Rank : 2
2026-07-16 09:02:21,010 | INFO     | Distance : 0.47345
2026-07-16 09:02:21,011 | INFO     | Source : ABB 800xA.pdf
2026-07-16 09:02:21,012 | INFO     | --------------------------------------------------------------------------------
2026-07-16 09:02:21,013 | INFO     | With the filter drop-down menu (on the right-hand side of the Tool Bar) you can limit the information in for example an object's context menu to show only the information that is relevant for you. There are different filters for different users.
Figure 11. Filter Drop-Down Menu
Image
The tooltips in
2026-07-16 09:02:21,013 | INFO     | 
Rank : 3
2026-07-16 09:02:21,014 | INFO     | Distance : 0.47762
2026-07-16 09:02:21,015 | INFO     | Source : ABB 800xA.pdf
2026-07-16 09:02:21,017 | INFO     | --------------------------------------------------------------------------------
2026-07-16 09:02:21,018 | INFO     | The faceplate element area in Figure 187 contains two tab groups with the displayed faceplate elements Interlock and TrimCurve.
Figure 187. Example of a Faceplate Element Area
Image
The faceplate element area can also contain graphic information as shown in Figure 188.
Figure 188. Faceplate Element 
2026-07-16 09:02:21,019 | INFO     | 
Rank : 4
2026-07-16 09:02:21,019 | INFO     | Distance : 0.47882
2026-07-16 09:02:21,020 | INFO     | Source : ABB 800xA.pdf
2026-07-16 09:02:21,020 | INFO     | --------------------------------------------------------------------------------
2026-07-16 09:02:21,021 | INFO     | The faceplate element area in Figure 58 contains two tab groups with the displayed faceplate elements Interlock and TrimCurve.
Figure 58. Example of a Faceplate Element Area
Image
The faceplate element area can also contain graphic information as shown in Figure 59.
Figure 59. Faceplate Element with
2026-07-16 09:02:21,022 | INFO     | 
Rank : 5
2026-07-16 09:02:21,024 | INFO     | Distance : 0.49237
2026-07-16 09:02:21,025 | INFO     | Source : ABB 800xA.pdf
2026-07-16 09:02:21,027 | INFO     | --------------------------------------------------------------------------------
2026-07-16 09:02:21,027 | INFO     | It is possible to adjust the size of the Trend Area and the Trend Table to your preference. Drag the Split Bar, which is located between the Trend Tool Bar and the Trend Table, to the desired position. It is possible to enlarge the Trend Table until all rows are visible but not further. The Split Ba
2026-07-16 09:02:21,028 | INFO     | 
Rank : 6
2026-07-16 09:02:21,029 | INFO     | Distance : 0.49357
2026-07-16 09:02:21,030 | INFO     | Source : ABB 800xA.pdf
2026-07-16 09:02:21,031 | INFO     | --------------------------------------------------------------------------------
2026-07-16 09:02:21,032 | INFO     | Some of the functions in the Trend Tool Bar can be made with typing letters on the keyboard. Note that the Trend Area must be active for this function to work, see Table 9.
Table 9. Keyboard functions in Trend Display
I, Description = Zoom in. O, Description = Zoom out. A, Description = Toggle betwe
2026-07-16 09:02:21,033 | INFO     | 
Rank : 7
2026-07-16 09:02:21,034 | INFO     | Distance : 0.49840
2026-07-16 09:02:21,035 | INFO     | Source : ABB 800xA.pdf
2026-07-16 09:02:21,035 | INFO     | --------------------------------------------------------------------------------
2026-07-16 09:02:21,036 | INFO     | It will set up the magnifying glass area with a default start and end time (about 20 percent centered), using 35 percent of the area for the magnifying glass.  To resize the magnifying glass area, position the pointer at the edge of the grey area. Click the left mouse button, move the pointer and r
2026-07-16 09:02:21,037 | INFO     | 
Rank : 8
2026-07-16 09:02:21,039 | INFO     | Distance : 0.50210
2026-07-16 09:02:21,040 | INFO     | Source : ABB 800xA.pdf
2026-07-16 09:02:21,041 | INFO     | --------------------------------------------------------------------------------
2026-07-16 09:02:21,042 | INFO     | The bottom tool bar is part of the Left and Right Trend Display views. It is used to:
- Scroll forward and backward in time.
- Select the end time.
- Scroll back 50%
Figure 109. Top Tool Bar
Image
Use the Scroll back 50% button, to move the scope back by 50% of the current time scope. 
The panning 
2026-07-16 09:02:21,044 | INFO     | 
Rank : 9
2026-07-16 09:02:21,045 | INFO     | Distance : 0.50294
2026-07-16 09:02:21,046 | INFO     | Source : ABB 800xA.pdf
2026-07-16 09:02:21,048 | INFO     | --------------------------------------------------------------------------------
2026-07-16 09:02:21,049 | INFO     | Shortcuts make it easy to navigate to the most important and/or most frequently used aspects of different aspect objects. You use shortcuts for one-click access to a specific display. The display is an aspect of an aspect object. The icon representing the shortcut is the aspect object icon.
You can 
2026-07-16 09:02:21,049 | INFO     | 
Rank : 10
2026-07-16 09:02:21,051 | INFO     | Distance : 0.50784
2026-07-16 09:02:21,051 | INFO     | Source : ABB 800xA.pdf
2026-07-16 09:02:21,052 | INFO     | --------------------------------------------------------------------------------
2026-07-16 09:02:21,052 | INFO     | The Trend Tool Bar contains buttons for frequently used functions to operate the Trend Display. See Figure 106.
The Trend Tool Bar lets you, among other things:
- freeze the graphical view in time. See Block/Unblock.
- select a point on the graphical view, and then read the corresponding times and v
2026-07-16 09:02:58,876 | INFO     | 
================================================================================
2026-07-16 09:02:58,877 | INFO     | TOP RERANKED CHUNKS
2026-07-16 09:02:58,878 | INFO     | ================================================================================
2026-07-16 09:02:58,878 | INFO     | 
Rank : 1
2026-07-16 09:02:58,879 | INFO     | Distance : 0.45440
2026-07-16 09:02:58,879 | INFO     | Reranker : 0.98295
2026-07-16 09:02:58,880 | INFO     | Source : ABB 800xA.pdf
2026-07-16 09:02:58,880 | INFO     | --------------------------------------------------------------------------------
2026-07-16 09:02:58,881 | INFO     | To open the context menu right-click in the window.
Figure 138. Structure Diagram, Context Menu
Image
Image
The context menu allows the following selection:
Table 11. Context Menu Functions
Zoom -, Description = Selection of zoom - allows to make the elements smaller. Zoom +, Description = Selection of zoom + allows to make the elements bigger. Zoom >, Description = The opened submenu allows to select a specific zoom level. Whole Structure, Description = Display the whole network structure. Defa
2026-07-16 09:02:58,881 | INFO     | 
Rank : 2
2026-07-16 09:02:58,882 | INFO     | Distance : 0.47882
2026-07-16 09:02:58,883 | INFO     | Reranker : 0.14041
2026-07-16 09:02:58,883 | INFO     | Source : ABB 800xA.pdf
2026-07-16 09:02:58,883 | INFO     | --------------------------------------------------------------------------------
2026-07-16 09:02:58,884 | INFO     | The faceplate element area in Figure 58 contains two tab groups with the displayed faceplate elements Interlock and TrimCurve.
Figure 58. Example of a Faceplate Element Area
Image
The faceplate element area can also contain graphic information as shown in Figure 59.
Figure 59. Faceplate Element with Bargraph
Image
- Bargraph

The bargraph displays an object property value. You can modify the value by dragging the handle.
- Numeric presentation window  Displays the value of some object property
2026-07-16 09:02:58,884 | INFO     | 
Rank : 3
2026-07-16 09:02:58,885 | INFO     | Distance : 0.47762
2026-07-16 09:02:58,885 | INFO     | Reranker : 0.06573
2026-07-16 09:02:58,886 | INFO     | Source : ABB 800xA.pdf
2026-07-16 09:02:58,887 | INFO     | --------------------------------------------------------------------------------
2026-07-16 09:02:58,888 | INFO     | The faceplate element area in Figure 187 contains two tab groups with the displayed faceplate elements Interlock and TrimCurve.
Figure 187. Example of a Faceplate Element Area
Image
The faceplate element area can also contain graphic information as shown in Figure 188.
Figure 188. Faceplate Element with Bargraph
Image
- Bargraph

The bargraph displays an object property value. You can modify the value by dragging the handle.
- Numeric presentation window  Displays the value of some object prop
2026-07-16 09:02:58,889 | INFO     | 
Rank : 4
2026-07-16 09:02:58,890 | INFO     | Distance : 0.49357
2026-07-16 09:02:58,891 | INFO     | Reranker : 0.05630
2026-07-16 09:02:58,892 | INFO     | Source : ABB 800xA.pdf
2026-07-16 09:02:58,892 | INFO     | --------------------------------------------------------------------------------
2026-07-16 09:02:58,893 | INFO     | Some of the functions in the Trend Tool Bar can be made with typing letters on the keyboard. Note that the Trend Area must be active for this function to work, see Table 9.
Table 9. Keyboard functions in Trend Display
I, Description = Zoom in. O, Description = Zoom out. A, Description = Toggle between area zoom and vertical ruler.. P, Description = Toggle between normal and X/Y plot mode. G, Description = Toggle between normal and looking glass mode. Q, Description = Removes the ruler. N, Descri
2026-07-16 09:02:58,894 | INFO     | 
Rank : 5
2026-07-16 09:02:58,894 | INFO     | Distance : 0.49840
2026-07-16 09:02:58,895 | INFO     | Reranker : 0.01173
2026-07-16 09:02:58,896 | INFO     | Source : ABB 800xA.pdf
2026-07-16 09:02:58,897 | INFO     | --------------------------------------------------------------------------------
2026-07-16 09:02:58,898 | INFO     | It will set up the magnifying glass area with a default start and end time (about 20 percent centered), using 35 percent of the area for the magnifying glass.  To resize the magnifying glass area, position the pointer at the edge of the grey area. Click the left mouse button, move the pointer and release the mouse button. See Figure 107. To move the magnifying glass area place the pointer at the center of the grey area and drag it to the right place.
The magnifying glass shows a dynamic view of
2026-07-16 09:02:58,899 | INFO     | 
================================================================================
2026-07-16 09:02:58,899 | INFO     | 
================================================================================
2026-07-16 09:02:58,900 | INFO     | RULES
2026-07-16 09:02:58,900 | INFO     | ================================================================================
2026-07-16 09:02:58,901 | INFO     | 1. Use ONLY the supplied context.
2026-07-16 09:02:58,901 | INFO     | 2. Do NOT use outside knowledge.
2026-07-16 09:02:58,902 | INFO     | 3. Return only the requested information.
2026-07-16 09:02:58,902 | INFO     | 4. Do not explain unless requested.
2026-07-16 09:02:58,903 | INFO     | 5. Do not summarize unless requested.
2026-07-16 09:02:58,903 | INFO     | 6. If the answer appears explicitly in the context, return it exactly.If the context partially answers the question, return the available information.Only reply 'Data is not available.' when no relevant information exists.
2026-07-16 09:02:58,904 | INFO     | 7. Preserve technical terminology exactly.
2026-07-16 09:02:58,904 | INFO     | 8. Return only relevant results with minimal redundancy.
2026-07-16 09:02:58,906 | INFO     | prompt:= 
You are a RAG assistant.

Answer ONLY from the supplied context.

Context:
To open the context menu right-click in the window.
Figure 138. Structure Diagram, Context Menu
Image
Image
The context menu allows the following selection:
Table 11. Context Menu Functions
Zoom -, Description = Selection of zoom - allows to make the elements smaller. Zoom +, Description = Selection of zoom + allows to make the elements bigger. Zoom >, Description = The opened submenu allows to select a specific zoom level. Whole Structure, Description = Display the whole network structure. Default Size, Description = Display the elements with default size inside the structure window. Auto Scroll, Description = The display is updated automatically as the sequence continues to be processed. Deselection allows to move manually over the network structure

To open the context menu right-click in the window.
Figure 138. Structure Diagram, Context Menu
Image
Image
The context menu allows the following selection:
Table 11. Context Menu Functions
Zoom -, Description = Selection of zoom - allows to make the elements smaller. Zoom +, Description = Selection of zoom + allows to make the elements bigger. Zoom >, Description = The opened submenu allows to select a specific zoom level. Whole Structure, Description = Display the whole network structure. Default Size, Description = Display the elements with default size inside the structure window. Auto Scroll, Description = The display is updated automatically as the sequence continues to be processed. Deselection allows to move manually over the network structure

Zooming

Headings: Zooming

[OCR_IMAGE_TEXT:img_00248]
Programl : Code SFC Viewer
Program1:Code SFC Viewer
S1
Zoom-
Zoom+
Tr2
Zoom>
50 %
Tr13
Whole Structure
75 %
S4
Actual Size
100 %
125 %
Auto Scroll
150 %
DisableAll Actions
Tr4
175 %
Block AllTransitions
200 %
Lock
S5
300 %
Tr6
Tr9
Tr14
S9
S14
Tr13
Tr12
Tr15
S4
S12

[OCR_IMAGE_TEXT:img_00249]
No text found

The faceplate element area in Figure 58 contains two tab groups with the displayed faceplate elements Interlock and TrimCurve.
Figure 58. Example of a Faceplate Element Area
Image
The faceplate element area can also contain graphic information as shown in Figure 59.
Figure 59. Faceplate Element with Bargraph
Image
- Bargraph

The bargraph displays an object property value. You can modify the value by dragging the handle.
- Numeric presentation window  Displays the value of some object property.
- Direct entry window

Open the handle via a click in the bargraph, or in the numeric presentation. Modify the data in the direct entry window by:
- -Manually enter the value in the direct entry window.
- -Click the Up and Down arrows) in the direct entry window. This changes the value to a smaller range (1%).

- -Use the up and down arrow keys on the keyboard. This changes the value to a smaller range (1%).

The faceplate element area in Figure 58 contains two tab groups with the displayed faceplate elements Interlock and TrimCurve.
Figure 58. Example of a Faceplate Element Area
Image
The faceplate element area can also contain graphic information as shown in Figure 59.
Figure 59. Faceplate Element with Bargraph
Image
- Bargraph

The bargraph displays an object property value. You can modify the value by dragging the handle.
- Numeric presentation window  Displays the value of some object property.
- Direct entry window

Open the handle via a click in the bargraph, or in the numeric presentation. Modify the data in the direct entry window by:
- -Manually enter the value in the direct entry window.
- -Click the Up and Down arrows) in the direct entry window. This changes the value to a smaller range (1%).

- -Use the up and down arrow keys on the keyboard. This changes the value to a smaller range (1%).

Element Area

Headings: Element Area

[OCR_IMAGE_TEXT:img_00099]
Tabgroup1
Tab group 2
Interlock
Command
10Status
Trim Curves
Parameters
100.00
ProcessInterlock
MY
Forced to Foward
Forced to Reverse
Safety Interlock
MP301
MP301
MP301
Start/Stop Interlock
Others
Foward
OE Disabled
Reverse
Inhibit
Stop
0.00
4M
Grid
OMS

[OCR_IMAGE_TEXT:img_00100]
100
MV
20.00

The faceplate element area in Figure 187 contains two tab groups with the displayed faceplate elements Interlock and TrimCurve.
Figure 187. Example of a Faceplate Element Area
Image
The faceplate element area can also contain graphic information as shown in Figure 188.
Figure 188. Faceplate Element with Bargraph
Image
- Bargraph

The bargraph displays an object property value. You can modify the value by dragging the handle.
- Numeric presentation window  Displays the value of some object property.
- Direct entry window

Open the handle via a click in the bargraph, or in the numeric presentation. Modify the data in the direct entry window by:
- -Manually enter the value in the direct entry window.
- -Click the Up and Down arrows) in the direct entry window. This changes the value to a smaller range (1%).


- -Use the up and down arrow keys on the keyboard. This changes the value to a smaller range (1%).
- -Use the Page Up and Page Down keys on the keyboard.  This changes the value more (10%), than the two previous alternatives. Apply the value:
Click the Apply button, or press Enter on the keyboard.

Cancel and close the direct entry window (there are several ways):

Press the Esc key on the keyboard, or click in a neutral area on the side, within the faceplate.

The faceplate element area in Figure 187 contains two tab groups with the displayed faceplate elements Interlock and TrimCurve.
Figure 187. Example of a Faceplate Element Area
Image
The faceplate element area can also contain graphic information as shown in Figure 188.
Figure 188. Faceplate Element with Bargraph
Image
- Bargraph

The bargraph displays an object property value. You can modify the value by dragging the handle.
- Numeric presentation window  Displays the value of some object property.
- Direct entry window

Open the handle via a click in the bargraph, or in the numeric presentation. Modify the data in the direct entry window by:
- -Manually enter the value in the direct entry window.
- -Click the Up and Down arrows) in the direct entry window. This changes the value to a smaller range (1%).


- -Use the up and down arrow keys on the keyboard. This changes the value to a smaller range (1%).
- -Use the Page Up and Page Down keys on the keyboard.  This changes the value more (10%), than the two previous alternatives. Apply the value:
Click the Apply button, or press Enter on the keyboard.

Cancel and close the direct entry window (there are several ways):

Press the Esc key on the keyboard, or click in a neutral area on the side, within the faceplate.

Element Area

Headings: Element Area

[OCR_IMAGE_TEXT:img_00342]
Tab group 1
Tab group 2
Interlock
Command
10Status
TrimCurves
Parameters
ProcessInterlock
100.00
Forced to Foward
Forced to Reverse
Safety Interlock
MP301
MP301
MP301
Start/Stop Interlock
Others
Foward
OE Disabled
Revetse
Inhibit
Stop
0.00
4M
Grid
OMS

[OCR_IMAGE_TEXT:img_00343]
100
MV
44.32

Some of the functions in the Trend Tool Bar can be made with typing letters on the keyboard. Note that the Trend Area must be active for this function to work, see Table 9.
Table 9. Keyboard functions in Trend Display
I, Description = Zoom in. O, Description = Zoom out. A, Description = Toggle between area zoom and vertical ruler.. P, Description = Toggle between normal and X/Y plot mode. G, Description = Toggle between normal and looking glass mode. Q, Description = Removes the ruler. N, Description = Sets auto scroll on. R, Description = Resets Y zoom. L, Description = Clears trim curves and redraws trend. Z, Description = Toggle between ruler and zoom mode. X, Description = Toggles mode between vertical ruler and horizontal ruler, or between vertical zoom and horizontal zoom
Table 9. Keyboard functions in Trend Display (Continued)
C, Description = Removes the ruler. Q, Description = Removes the ruler. Shift-Ctrl-C, Description = Puts data on clipboard with full time resolution. B, Description = Toggle between Y buffer and order draw. H, Description = Displays Trend Keyboard Help. M-B, Description = Toggle between bad data mode Nothing and Dashed. M-D, Description = Toggle between draw mod, Linear, Stepped, Filled and Point. M-I, Description = Toggle between item draw mode. Ctrl-C, Description = Puts data on clipboard. , Description = 
Removes the ruler
Removes the ruler
Removes the ruler
Scrolls left
Moves ruler left
Scrolls right
Moves ruler right
Moves horizontal ruler up
Moves horizontal ruler down
Executes operation performed using the keyboard
Executes operation performed using the keyboard

Some of the functions in the Trend Tool Bar can be made with typing letters on the keyboard. Note that the Trend Area must be active for this function to work, see Table 9.
Table 9. Keyboard functions in Trend Display
I, Description = Zoom in. O, Description = Zoom out. A, Description = Toggle between area zoom and vertical ruler.. P, Description = Toggle between normal and X/Y plot mode. G, Description = Toggle between normal and looking glass mode. Q, Description = Removes the ruler. N, Description = Sets auto scroll on. R, Description = Resets Y zoom. L, Description = Clears trim curves and redraws trend. Z, Description = Toggle between ruler and zoom mode. X, Description = Toggles mode between vertical ruler and horizontal ruler, or between vertical zoom and horizontal zoom
Table 9. Keyboard functions in Trend Display (Continued)
C, Description = Removes the ruler. Q, Description = Removes the ruler. Shift-Ctrl-C, Description = Puts data on clipboard with full time resolution. B, Description = Toggle between Y buffer and order draw. H, Description = Displays Trend Keyboard Help. M-B, Description = Toggle between bad data mode Nothing and Dashed. M-D, Description = Toggle between draw mod, Linear, Stepped, Filled and Point. M-I, Description = Toggle between item draw mode. Ctrl-C, Description = Puts data on clipboard. , Description = 
Removes the ruler
Removes the ruler
Removes the ruler
Scrolls left
Moves ruler left
Scrolls right
Moves ruler right
Moves horizontal ruler up
Moves horizontal ruler down
Executes operation performed using the keyboard
Executes operation performed using the keyboard

Keyboard Functions

Headings: Keyboard Functions

It will set up the magnifying glass area with a default start and end time (about 20 percent centered), using 35 percent of the area for the magnifying glass.  To resize the magnifying glass area, position the pointer at the edge of the grey area. Click the left mouse button, move the pointer and release the mouse button. See Figure 107. To move the magnifying glass area place the pointer at the center of the grey area and drag it to the right place.
The magnifying glass shows a dynamic view of the specified time scope. It does not move along with the time axis, which means that if you put it at the end of the time scope, the magnifying glass area will continually show the latest values.
Figure 107. Magnifying Glass Area
Image
- XY Plot AX
Image
See XY Plot on page 168.
- Help Button
- button if you want to read about things regarding the
Image
Use the Help Trend Display in the On-line Help.
- ·
- Time Scope IHo r
Image
You select the Time Scope for the Trend Display in the drop-down menu.  The default value comes from the Trend Template. It is possible to write a time scope direct to the drop-down menu. The units available are year, month, day, hour, minute and second in any combination.
If a new scope is entered, the scope is added to the list of available scopes in the drop down menu. These changes to the configuration are possible to save.
Note that if the user has changed the scope by zooming, the actual scope may not correspond to the scope displayed by the drop-down menu.

- Selected Time
Image
As an alternative, you can navigate forward and backward in time by specifying the date and time of the center point in the Trend Area. To change time, click on the field you want to change (hours, minutes, seconds, day, month or year) and do in one of these three ways:
- -use the keyboard up/down arrows
- -use the up/down arrows to the right in the field
- -write value from keyboard.

It will set up the magnifying glass area with a default start and end time (about 20 percent centered), using 35 percent of the area for the magnifying glass.  To resize the magnifying glass area, position the pointer at the edge of the grey area. Click the left mouse button, move the pointer and release the mouse button. See Figure 107. To move the magnifying glass area place the pointer at the center of the grey area and drag it to the right place.
The magnifying glass shows a dynamic view of the specified time scope. It does not move along with the time axis, which means that if you put it at the end of the time scope, the magnifying glass area will continually show the latest values.
Figure 107. Magnifying Glass Area
Image
- XY Plot AX
Image
See XY Plot on page 168.
- Help Button
- button if you want to read about things regarding the
Image
Use the Help Trend Display in the On-line Help.
- ·
- Time Scope IHo r
Image
You select the Time Scope for the Trend Display in the drop-down menu.  The default value comes from the Trend Template. It is possible to write a time scope direct to the drop-down menu. The units available are year, month, day, hour, minute and second in any combination.
If a new scope is entered, the scope is added to the list of available scopes in the drop down menu. These changes to the configuration are possible to save.
Note that if the user has changed the scope by zooming, the actual scope may not correspond to the scope displayed by the drop-down menu.

- Selected Time
Image
As an alternative, you can navigate forward and backward in time by specifying the date and time of the center point in the Trend Area. To change time, click on the field you want to change (hours, minutes, seconds, day, month or year) and do in one of these three ways:
- -use the keyboard up/down arrows
- -use the up/down arrows to the right in the field
- -write value from keyboard.

Trend Tool Bar

Headings: Trend Tool Bar

[OCR_IMAGE_TEXT:img_00198]
Trend test : Trend Display Original
Trend test:Trend Display Original
1Hour*
2 Minutes
096
75.0C
54.0
100.00
50.00
00°0
14:20
14:40
15:00
15:11:54
15:14:16
AX
1 Hour
Aspect
Current
Style
Visible
Status
TraceC
Object
PropertLogNa
Treatm
Pump
Temp
1s1d
77.7 C
Linear
Control
Moment N
Pump2
Control
Flow
SEAMLE
37.34
Stepped
TimeAv

[OCR_IMAGE_TEXT:img_00199]
No text found

[OCR_IMAGE_TEXT:img_00200]
No text found

[OCR_IMAGE_TEXT:img_00201]
Hour

[OCR_IMAGE_TEXT:img_00202]
6/29/2004 12:41:16

Question:

which function allows to make the elements smaller?


Rules:
1. Use ONLY the supplied context.
2. Do NOT use outside knowledge.
3. Return only the requested information.
4. Do not explain unless requested.
5. Do not summarize unless requested.
6. If the answer appears explicitly in the context, return it exactly.If the context partially answers the question, return the available information.Only reply 'Data is not available.' when no relevant information exists.
7. Preserve technical terminology exactly.
8. Return only relevant results with minimal redundancy.


Answer:

2026-07-16 09:02:58,909 | INFO     | 
Generating Answer...

2026-07-16 09:03:03,079 | INFO     | HTTP Request: POST http://127.0.0.1:11434/api/chat "HTTP/1.1 200 OK"
2026-07-16 09:03:03,080 | INFO     | ================================================================================
2026-07-16 09:03:03,081 | INFO     | FINAL ANSWER
2026-07-16 09:03:03,081 | INFO     | ================================================================================
2026-07-16 09:03:03,082 | INFO     | Zoom - allows to make the elements smaller.
2026-07-16 09:03:03,082 | INFO     | 
================================================================================
2026-07-16 09:03:03,083 | INFO     | RETRIEVAL STATISTICS
2026-07-16 09:03:03,083 | INFO     | ================================================================================
2026-07-16 09:03:03,083 | INFO     | Vector Search Top-K : 10
2026-07-16 09:03:03,084 | INFO     | Reranker Top-K      : 5
2026-07-16 09:03:03,084 | INFO     | Context Chunks      : 5
2026-07-16 09:03:03,084 | INFO     | Prompt Characters   : 15396
2026-07-16 09:03:03,085 | INFO     | ================================================================================
2026-07-16 09:03:03,113 | INFO     |  Answer:- Zoom - allows to make the elements smaller.
2026-07-16 09:05:31,333 | INFO     | HTTP Request: POST http://127.0.0.1:11434/api/chat "HTTP/1.1 200 OK"
2026-07-16 09:05:31,333 | INFO     | 
================================================================================
2026-07-16 09:05:31,334 | INFO     | SEARCH QUERY
2026-07-16 09:05:31,335 | INFO     | ================================================================================
2026-07-16 09:05:31,335 | INFO     | function to make elements smaller
2026-07-16 09:05:31,336 | INFO     | 
================================================================================
2026-07-16 09:05:31,337 | INFO     | QUESTION SPECIFIC RULES
2026-07-16 09:05:31,337 | INFO     | ================================================================================
2026-07-16 09:05:31,338 | INFO     | - Preserve technical terminology exactly.
2026-07-16 09:05:31,338 | INFO     | - Remove conversational words.
2026-07-16 09:05:31,339 | INFO     | -------
2026-07-16 09:05:31,339 | INFO     | ================================================================================
2026-07-16 09:05:31,340 | INFO     | SEARCH QUERY
2026-07-16 09:05:31,341 | INFO     | ================================================================================
2026-07-16 09:05:31,342 | INFO     | function to make elements smaller
2026-07-16 09:05:31,343 | INFO     | **************
2026-07-16 09:05:31,343 | INFO     | ================================================================================
2026-07-16 09:05:31,344 | INFO     | QUESTION SPECIFIC RULES
2026-07-16 09:05:31,356 | INFO     | ================================================================================
2026-07-16 09:05:31,457 | INFO     | 
Connecting PostgreSQL...
2026-07-16 09:05:31,525 | INFO     | 
================================================================================
2026-07-16 09:05:31,526 | INFO     | TOP VECTOR SEARCH RESULTS
2026-07-16 09:05:31,526 | INFO     | ================================================================================
2026-07-16 09:05:31,527 | INFO     | 
Rank : 1
2026-07-16 09:05:31,528 | INFO     | Distance : 0.45440
2026-07-16 09:05:31,529 | INFO     | Source : ABB 800xA.pdf
2026-07-16 09:05:31,529 | INFO     | --------------------------------------------------------------------------------
2026-07-16 09:05:31,530 | INFO     | To open the context menu right-click in the window.
Figure 138. Structure Diagram, Context Menu
Image
Image
The context menu allows the following selection:
Table 11. Context Menu Functions
Zoom -, Description = Selection of zoom - allows to make the elements smaller. Zoom +, Description = Selection
2026-07-16 09:05:31,530 | INFO     | 
Rank : 2
2026-07-16 09:05:31,531 | INFO     | Distance : 0.47345
2026-07-16 09:05:31,531 | INFO     | Source : ABB 800xA.pdf
2026-07-16 09:05:31,532 | INFO     | --------------------------------------------------------------------------------
2026-07-16 09:05:31,533 | INFO     | With the filter drop-down menu (on the right-hand side of the Tool Bar) you can limit the information in for example an object's context menu to show only the information that is relevant for you. There are different filters for different users.
Figure 11. Filter Drop-Down Menu
Image
The tooltips in
2026-07-16 09:05:31,534 | INFO     | 
Rank : 3
2026-07-16 09:05:31,534 | INFO     | Distance : 0.47762
2026-07-16 09:05:31,535 | INFO     | Source : ABB 800xA.pdf
2026-07-16 09:05:31,535 | INFO     | --------------------------------------------------------------------------------
2026-07-16 09:05:31,536 | INFO     | The faceplate element area in Figure 187 contains two tab groups with the displayed faceplate elements Interlock and TrimCurve.
Figure 187. Example of a Faceplate Element Area
Image
The faceplate element area can also contain graphic information as shown in Figure 188.
Figure 188. Faceplate Element 
2026-07-16 09:05:31,536 | INFO     | 
Rank : 4
2026-07-16 09:05:31,537 | INFO     | Distance : 0.47882
2026-07-16 09:05:31,537 | INFO     | Source : ABB 800xA.pdf
2026-07-16 09:05:31,537 | INFO     | --------------------------------------------------------------------------------
2026-07-16 09:05:31,538 | INFO     | The faceplate element area in Figure 58 contains two tab groups with the displayed faceplate elements Interlock and TrimCurve.
Figure 58. Example of a Faceplate Element Area
Image
The faceplate element area can also contain graphic information as shown in Figure 59.
Figure 59. Faceplate Element with
2026-07-16 09:05:31,539 | INFO     | 
Rank : 5
2026-07-16 09:05:31,540 | INFO     | Distance : 0.49237
2026-07-16 09:05:31,541 | INFO     | Source : ABB 800xA.pdf
2026-07-16 09:05:31,542 | INFO     | --------------------------------------------------------------------------------
2026-07-16 09:05:31,543 | INFO     | It is possible to adjust the size of the Trend Area and the Trend Table to your preference. Drag the Split Bar, which is located between the Trend Tool Bar and the Trend Table, to the desired position. It is possible to enlarge the Trend Table until all rows are visible but not further. The Split Ba
2026-07-16 09:05:31,544 | INFO     | 
Rank : 6
2026-07-16 09:05:31,544 | INFO     | Distance : 0.49357
2026-07-16 09:05:31,545 | INFO     | Source : ABB 800xA.pdf
2026-07-16 09:05:31,546 | INFO     | --------------------------------------------------------------------------------
2026-07-16 09:05:31,546 | INFO     | Some of the functions in the Trend Tool Bar can be made with typing letters on the keyboard. Note that the Trend Area must be active for this function to work, see Table 9.
Table 9. Keyboard functions in Trend Display
I, Description = Zoom in. O, Description = Zoom out. A, Description = Toggle betwe
2026-07-16 09:05:31,546 | INFO     | 
Rank : 7
2026-07-16 09:05:31,547 | INFO     | Distance : 0.49840
2026-07-16 09:05:31,548 | INFO     | Source : ABB 800xA.pdf
2026-07-16 09:05:31,548 | INFO     | --------------------------------------------------------------------------------
2026-07-16 09:05:31,549 | INFO     | It will set up the magnifying glass area with a default start and end time (about 20 percent centered), using 35 percent of the area for the magnifying glass.  To resize the magnifying glass area, position the pointer at the edge of the grey area. Click the left mouse button, move the pointer and r
2026-07-16 09:05:31,549 | INFO     | 
Rank : 8
2026-07-16 09:05:31,550 | INFO     | Distance : 0.50210
2026-07-16 09:05:31,550 | INFO     | Source : ABB 800xA.pdf
2026-07-16 09:05:31,551 | INFO     | --------------------------------------------------------------------------------
2026-07-16 09:05:31,552 | INFO     | The bottom tool bar is part of the Left and Right Trend Display views. It is used to:
- Scroll forward and backward in time.
- Select the end time.
- Scroll back 50%
Figure 109. Top Tool Bar
Image
Use the Scroll back 50% button, to move the scope back by 50% of the current time scope. 
The panning 
2026-07-16 09:05:31,552 | INFO     | 
Rank : 9
2026-07-16 09:05:31,553 | INFO     | Distance : 0.50294
2026-07-16 09:05:31,554 | INFO     | Source : ABB 800xA.pdf
2026-07-16 09:05:31,555 | INFO     | --------------------------------------------------------------------------------
2026-07-16 09:05:31,555 | INFO     | Shortcuts make it easy to navigate to the most important and/or most frequently used aspects of different aspect objects. You use shortcuts for one-click access to a specific display. The display is an aspect of an aspect object. The icon representing the shortcut is the aspect object icon.
You can 
2026-07-16 09:05:31,556 | INFO     | 
Rank : 10
2026-07-16 09:05:31,556 | INFO     | Distance : 0.50784
2026-07-16 09:05:31,557 | INFO     | Source : ABB 800xA.pdf
2026-07-16 09:05:31,558 | INFO     | --------------------------------------------------------------------------------
2026-07-16 09:05:31,559 | INFO     | The Trend Tool Bar contains buttons for frequently used functions to operate the Trend Display. See Figure 106.
The Trend Tool Bar lets you, among other things:
- freeze the graphical view in time. See Block/Unblock.
- select a point on the graphical view, and then read the corresponding times and v
2026-07-16 09:06:06,268 | INFO     | 
================================================================================
2026-07-16 09:06:06,268 | INFO     | TOP RERANKED CHUNKS
2026-07-16 09:06:06,269 | INFO     | ================================================================================
2026-07-16 09:06:06,270 | INFO     | 
Rank : 1
2026-07-16 09:06:06,270 | INFO     | Distance : 0.45440
2026-07-16 09:06:06,271 | INFO     | Reranker : 0.98295
2026-07-16 09:06:06,271 | INFO     | Source : ABB 800xA.pdf
2026-07-16 09:06:06,272 | INFO     | --------------------------------------------------------------------------------
2026-07-16 09:06:06,272 | INFO     | To open the context menu right-click in the window.
Figure 138. Structure Diagram, Context Menu
Image
Image
The context menu allows the following selection:
Table 11. Context Menu Functions
Zoom -, Description = Selection of zoom - allows to make the elements smaller. Zoom +, Description = Selection of zoom + allows to make the elements bigger. Zoom >, Description = The opened submenu allows to select a specific zoom level. Whole Structure, Description = Display the whole network structure. Defa
2026-07-16 09:06:06,273 | INFO     | 
Rank : 2
2026-07-16 09:06:06,274 | INFO     | Distance : 0.47882
2026-07-16 09:06:06,274 | INFO     | Reranker : 0.14041
2026-07-16 09:06:06,275 | INFO     | Source : ABB 800xA.pdf
2026-07-16 09:06:06,276 | INFO     | --------------------------------------------------------------------------------
2026-07-16 09:06:06,277 | INFO     | The faceplate element area in Figure 58 contains two tab groups with the displayed faceplate elements Interlock and TrimCurve.
Figure 58. Example of a Faceplate Element Area
Image
The faceplate element area can also contain graphic information as shown in Figure 59.
Figure 59. Faceplate Element with Bargraph
Image
- Bargraph

The bargraph displays an object property value. You can modify the value by dragging the handle.
- Numeric presentation window  Displays the value of some object property
2026-07-16 09:06:06,278 | INFO     | 
Rank : 3
2026-07-16 09:06:06,279 | INFO     | Distance : 0.47762
2026-07-16 09:06:06,280 | INFO     | Reranker : 0.06573
2026-07-16 09:06:06,280 | INFO     | Source : ABB 800xA.pdf
2026-07-16 09:06:06,281 | INFO     | --------------------------------------------------------------------------------
2026-07-16 09:06:06,282 | INFO     | The faceplate element area in Figure 187 contains two tab groups with the displayed faceplate elements Interlock and TrimCurve.
Figure 187. Example of a Faceplate Element Area
Image
The faceplate element area can also contain graphic information as shown in Figure 188.
Figure 188. Faceplate Element with Bargraph
Image
- Bargraph

The bargraph displays an object property value. You can modify the value by dragging the handle.
- Numeric presentation window  Displays the value of some object prop
2026-07-16 09:06:06,283 | INFO     | 
Rank : 4
2026-07-16 09:06:06,283 | INFO     | Distance : 0.49357
2026-07-16 09:06:06,284 | INFO     | Reranker : 0.05630
2026-07-16 09:06:06,285 | INFO     | Source : ABB 800xA.pdf
2026-07-16 09:06:06,286 | INFO     | --------------------------------------------------------------------------------
2026-07-16 09:06:06,287 | INFO     | Some of the functions in the Trend Tool Bar can be made with typing letters on the keyboard. Note that the Trend Area must be active for this function to work, see Table 9.
Table 9. Keyboard functions in Trend Display
I, Description = Zoom in. O, Description = Zoom out. A, Description = Toggle between area zoom and vertical ruler.. P, Description = Toggle between normal and X/Y plot mode. G, Description = Toggle between normal and looking glass mode. Q, Description = Removes the ruler. N, Descri
2026-07-16 09:06:06,287 | INFO     | 
Rank : 5
2026-07-16 09:06:06,288 | INFO     | Distance : 0.49840
2026-07-16 09:06:06,289 | INFO     | Reranker : 0.01173
2026-07-16 09:06:06,290 | INFO     | Source : ABB 800xA.pdf
2026-07-16 09:06:06,291 | INFO     | --------------------------------------------------------------------------------
2026-07-16 09:06:06,292 | INFO     | It will set up the magnifying glass area with a default start and end time (about 20 percent centered), using 35 percent of the area for the magnifying glass.  To resize the magnifying glass area, position the pointer at the edge of the grey area. Click the left mouse button, move the pointer and release the mouse button. See Figure 107. To move the magnifying glass area place the pointer at the center of the grey area and drag it to the right place.
The magnifying glass shows a dynamic view of
2026-07-16 09:06:06,293 | INFO     | 
================================================================================
2026-07-16 09:06:06,294 | INFO     | 
================================================================================
2026-07-16 09:06:06,295 | INFO     | RULES
2026-07-16 09:06:06,295 | INFO     | ================================================================================
2026-07-16 09:06:06,296 | INFO     | 1. Use ONLY the supplied context.
2026-07-16 09:06:06,296 | INFO     | 2. Do NOT use outside knowledge.
2026-07-16 09:06:06,297 | INFO     | 3. Return only the requested information.
2026-07-16 09:06:06,299 | INFO     | 4. Do not explain unless requested.
2026-07-16 09:06:06,300 | INFO     | 5. Do not summarize unless requested.
2026-07-16 09:06:06,301 | INFO     | 6. If the answer appears explicitly in the context, return it exactly.If the context partially answers the question, return the available information.Only reply 'Data is not available.' when no relevant information exists.
2026-07-16 09:06:06,302 | INFO     | 7. Preserve technical terminology exactly.
2026-07-16 09:06:06,302 | INFO     | 8. Remove conversational words.
2026-07-16 09:06:06,303 | INFO     | prompt:= 
You are a RAG assistant.

Answer ONLY from the supplied context.

Context:
To open the context menu right-click in the window.
Figure 138. Structure Diagram, Context Menu
Image
Image
The context menu allows the following selection:
Table 11. Context Menu Functions
Zoom -, Description = Selection of zoom - allows to make the elements smaller. Zoom +, Description = Selection of zoom + allows to make the elements bigger. Zoom >, Description = The opened submenu allows to select a specific zoom level. Whole Structure, Description = Display the whole network structure. Default Size, Description = Display the elements with default size inside the structure window. Auto Scroll, Description = The display is updated automatically as the sequence continues to be processed. Deselection allows to move manually over the network structure

To open the context menu right-click in the window.
Figure 138. Structure Diagram, Context Menu
Image
Image
The context menu allows the following selection:
Table 11. Context Menu Functions
Zoom -, Description = Selection of zoom - allows to make the elements smaller. Zoom +, Description = Selection of zoom + allows to make the elements bigger. Zoom >, Description = The opened submenu allows to select a specific zoom level. Whole Structure, Description = Display the whole network structure. Default Size, Description = Display the elements with default size inside the structure window. Auto Scroll, Description = The display is updated automatically as the sequence continues to be processed. Deselection allows to move manually over the network structure

Zooming

Headings: Zooming

[OCR_IMAGE_TEXT:img_00248]
Programl : Code SFC Viewer
Program1:Code SFC Viewer
S1
Zoom-
Zoom+
Tr2
Zoom>
50 %
Tr13
Whole Structure
75 %
S4
Actual Size
100 %
125 %
Auto Scroll
150 %
DisableAll Actions
Tr4
175 %
Block AllTransitions
200 %
Lock
S5
300 %
Tr6
Tr9
Tr14
S9
S14
Tr13
Tr12
Tr15
S4
S12

[OCR_IMAGE_TEXT:img_00249]
No text found

The faceplate element area in Figure 58 contains two tab groups with the displayed faceplate elements Interlock and TrimCurve.
Figure 58. Example of a Faceplate Element Area
Image
The faceplate element area can also contain graphic information as shown in Figure 59.
Figure 59. Faceplate Element with Bargraph
Image
- Bargraph

The bargraph displays an object property value. You can modify the value by dragging the handle.
- Numeric presentation window  Displays the value of some object property.
- Direct entry window

Open the handle via a click in the bargraph, or in the numeric presentation. Modify the data in the direct entry window by:
- -Manually enter the value in the direct entry window.
- -Click the Up and Down arrows) in the direct entry window. This changes the value to a smaller range (1%).

- -Use the up and down arrow keys on the keyboard. This changes the value to a smaller range (1%).

The faceplate element area in Figure 58 contains two tab groups with the displayed faceplate elements Interlock and TrimCurve.
Figure 58. Example of a Faceplate Element Area
Image
The faceplate element area can also contain graphic information as shown in Figure 59.
Figure 59. Faceplate Element with Bargraph
Image
- Bargraph

The bargraph displays an object property value. You can modify the value by dragging the handle.
- Numeric presentation window  Displays the value of some object property.
- Direct entry window

Open the handle via a click in the bargraph, or in the numeric presentation. Modify the data in the direct entry window by:
- -Manually enter the value in the direct entry window.
- -Click the Up and Down arrows) in the direct entry window. This changes the value to a smaller range (1%).

- -Use the up and down arrow keys on the keyboard. This changes the value to a smaller range (1%).

Element Area

Headings: Element Area

[OCR_IMAGE_TEXT:img_00099]
Tabgroup1
Tab group 2
Interlock
Command
10Status
Trim Curves
Parameters
100.00
ProcessInterlock
MY
Forced to Foward
Forced to Reverse
Safety Interlock
MP301
MP301
MP301
Start/Stop Interlock
Others
Foward
OE Disabled
Reverse
Inhibit
Stop
0.00
4M
Grid
OMS

[OCR_IMAGE_TEXT:img_00100]
100
MV
20.00

The faceplate element area in Figure 187 contains two tab groups with the displayed faceplate elements Interlock and TrimCurve.
Figure 187. Example of a Faceplate Element Area
Image
The faceplate element area can also contain graphic information as shown in Figure 188.
Figure 188. Faceplate Element with Bargraph
Image
- Bargraph

The bargraph displays an object property value. You can modify the value by dragging the handle.
- Numeric presentation window  Displays the value of some object property.
- Direct entry window

Open the handle via a click in the bargraph, or in the numeric presentation. Modify the data in the direct entry window by:
- -Manually enter the value in the direct entry window.
- -Click the Up and Down arrows) in the direct entry window. This changes the value to a smaller range (1%).


- -Use the up and down arrow keys on the keyboard. This changes the value to a smaller range (1%).
- -Use the Page Up and Page Down keys on the keyboard.  This changes the value more (10%), than the two previous alternatives. Apply the value:
Click the Apply button, or press Enter on the keyboard.

Cancel and close the direct entry window (there are several ways):

Press the Esc key on the keyboard, or click in a neutral area on the side, within the faceplate.

The faceplate element area in Figure 187 contains two tab groups with the displayed faceplate elements Interlock and TrimCurve.
Figure 187. Example of a Faceplate Element Area
Image
The faceplate element area can also contain graphic information as shown in Figure 188.
Figure 188. Faceplate Element with Bargraph
Image
- Bargraph

The bargraph displays an object property value. You can modify the value by dragging the handle.
- Numeric presentation window  Displays the value of some object property.
- Direct entry window

Open the handle via a click in the bargraph, or in the numeric presentation. Modify the data in the direct entry window by:
- -Manually enter the value in the direct entry window.
- -Click the Up and Down arrows) in the direct entry window. This changes the value to a smaller range (1%).


- -Use the up and down arrow keys on the keyboard. This changes the value to a smaller range (1%).
- -Use the Page Up and Page Down keys on the keyboard.  This changes the value more (10%), than the two previous alternatives. Apply the value:
Click the Apply button, or press Enter on the keyboard.

Cancel and close the direct entry window (there are several ways):

Press the Esc key on the keyboard, or click in a neutral area on the side, within the faceplate.

Element Area

Headings: Element Area

[OCR_IMAGE_TEXT:img_00342]
Tab group 1
Tab group 2
Interlock
Command
10Status
TrimCurves
Parameters
ProcessInterlock
100.00
Forced to Foward
Forced to Reverse
Safety Interlock
MP301
MP301
MP301
Start/Stop Interlock
Others
Foward
OE Disabled
Revetse
Inhibit
Stop
0.00
4M
Grid
OMS

[OCR_IMAGE_TEXT:img_00343]
100
MV
44.32

Some of the functions in the Trend Tool Bar can be made with typing letters on the keyboard. Note that the Trend Area must be active for this function to work, see Table 9.
Table 9. Keyboard functions in Trend Display
I, Description = Zoom in. O, Description = Zoom out. A, Description = Toggle between area zoom and vertical ruler.. P, Description = Toggle between normal and X/Y plot mode. G, Description = Toggle between normal and looking glass mode. Q, Description = Removes the ruler. N, Description = Sets auto scroll on. R, Description = Resets Y zoom. L, Description = Clears trim curves and redraws trend. Z, Description = Toggle between ruler and zoom mode. X, Description = Toggles mode between vertical ruler and horizontal ruler, or between vertical zoom and horizontal zoom
Table 9. Keyboard functions in Trend Display (Continued)
C, Description = Removes the ruler. Q, Description = Removes the ruler. Shift-Ctrl-C, Description = Puts data on clipboard with full time resolution. B, Description = Toggle between Y buffer and order draw. H, Description = Displays Trend Keyboard Help. M-B, Description = Toggle between bad data mode Nothing and Dashed. M-D, Description = Toggle between draw mod, Linear, Stepped, Filled and Point. M-I, Description = Toggle between item draw mode. Ctrl-C, Description = Puts data on clipboard. , Description = 
Removes the ruler
Removes the ruler
Removes the ruler
Scrolls left
Moves ruler left
Scrolls right
Moves ruler right
Moves horizontal ruler up
Moves horizontal ruler down
Executes operation performed using the keyboard
Executes operation performed using the keyboard

Some of the functions in the Trend Tool Bar can be made with typing letters on the keyboard. Note that the Trend Area must be active for this function to work, see Table 9.
Table 9. Keyboard functions in Trend Display
I, Description = Zoom in. O, Description = Zoom out. A, Description = Toggle between area zoom and vertical ruler.. P, Description = Toggle between normal and X/Y plot mode. G, Description = Toggle between normal and looking glass mode. Q, Description = Removes the ruler. N, Description = Sets auto scroll on. R, Description = Resets Y zoom. L, Description = Clears trim curves and redraws trend. Z, Description = Toggle between ruler and zoom mode. X, Description = Toggles mode between vertical ruler and horizontal ruler, or between vertical zoom and horizontal zoom
Table 9. Keyboard functions in Trend Display (Continued)
C, Description = Removes the ruler. Q, Description = Removes the ruler. Shift-Ctrl-C, Description = Puts data on clipboard with full time resolution. B, Description = Toggle between Y buffer and order draw. H, Description = Displays Trend Keyboard Help. M-B, Description = Toggle between bad data mode Nothing and Dashed. M-D, Description = Toggle between draw mod, Linear, Stepped, Filled and Point. M-I, Description = Toggle between item draw mode. Ctrl-C, Description = Puts data on clipboard. , Description = 
Removes the ruler
Removes the ruler
Removes the ruler
Scrolls left
Moves ruler left
Scrolls right
Moves ruler right
Moves horizontal ruler up
Moves horizontal ruler down
Executes operation performed using the keyboard
Executes operation performed using the keyboard

Keyboard Functions

Headings: Keyboard Functions

It will set up the magnifying glass area with a default start and end time (about 20 percent centered), using 35 percent of the area for the magnifying glass.  To resize the magnifying glass area, position the pointer at the edge of the grey area. Click the left mouse button, move the pointer and release the mouse button. See Figure 107. To move the magnifying glass area place the pointer at the center of the grey area and drag it to the right place.
The magnifying glass shows a dynamic view of the specified time scope. It does not move along with the time axis, which means that if you put it at the end of the time scope, the magnifying glass area will continually show the latest values.
Figure 107. Magnifying Glass Area
Image
- XY Plot AX
Image
See XY Plot on page 168.
- Help Button
- button if you want to read about things regarding the
Image
Use the Help Trend Display in the On-line Help.
- ·
- Time Scope IHo r
Image
You select the Time Scope for the Trend Display in the drop-down menu.  The default value comes from the Trend Template. It is possible to write a time scope direct to the drop-down menu. The units available are year, month, day, hour, minute and second in any combination.
If a new scope is entered, the scope is added to the list of available scopes in the drop down menu. These changes to the configuration are possible to save.
Note that if the user has changed the scope by zooming, the actual scope may not correspond to the scope displayed by the drop-down menu.

- Selected Time
Image
As an alternative, you can navigate forward and backward in time by specifying the date and time of the center point in the Trend Area. To change time, click on the field you want to change (hours, minutes, seconds, day, month or year) and do in one of these three ways:
- -use the keyboard up/down arrows
- -use the up/down arrows to the right in the field
- -write value from keyboard.

It will set up the magnifying glass area with a default start and end time (about 20 percent centered), using 35 percent of the area for the magnifying glass.  To resize the magnifying glass area, position the pointer at the edge of the grey area. Click the left mouse button, move the pointer and release the mouse button. See Figure 107. To move the magnifying glass area place the pointer at the center of the grey area and drag it to the right place.
The magnifying glass shows a dynamic view of the specified time scope. It does not move along with the time axis, which means that if you put it at the end of the time scope, the magnifying glass area will continually show the latest values.
Figure 107. Magnifying Glass Area
Image
- XY Plot AX
Image
See XY Plot on page 168.
- Help Button
- button if you want to read about things regarding the
Image
Use the Help Trend Display in the On-line Help.
- ·
- Time Scope IHo r
Image
You select the Time Scope for the Trend Display in the drop-down menu.  The default value comes from the Trend Template. It is possible to write a time scope direct to the drop-down menu. The units available are year, month, day, hour, minute and second in any combination.
If a new scope is entered, the scope is added to the list of available scopes in the drop down menu. These changes to the configuration are possible to save.
Note that if the user has changed the scope by zooming, the actual scope may not correspond to the scope displayed by the drop-down menu.

- Selected Time
Image
As an alternative, you can navigate forward and backward in time by specifying the date and time of the center point in the Trend Area. To change time, click on the field you want to change (hours, minutes, seconds, day, month or year) and do in one of these three ways:
- -use the keyboard up/down arrows
- -use the up/down arrows to the right in the field
- -write value from keyboard.

Trend Tool Bar

Headings: Trend Tool Bar

[OCR_IMAGE_TEXT:img_00198]
Trend test : Trend Display Original
Trend test:Trend Display Original
1Hour*
2 Minutes
096
75.0C
54.0
100.00
50.00
00°0
14:20
14:40
15:00
15:11:54
15:14:16
AX
1 Hour
Aspect
Current
Style
Visible
Status
TraceC
Object
PropertLogNa
Treatm
Pump
Temp
1s1d
77.7 C
Linear
Control
Moment N
Pump2
Control
Flow
SEAMLE
37.34
Stepped
TimeAv

[OCR_IMAGE_TEXT:img_00199]
No text found

[OCR_IMAGE_TEXT:img_00200]
No text found

[OCR_IMAGE_TEXT:img_00201]
Hour

[OCR_IMAGE_TEXT:img_00202]
6/29/2004 12:41:16

Question:

which function allows to make the elements smaller?


Rules:
1. Use ONLY the supplied context.
2. Do NOT use outside knowledge.
3. Return only the requested information.
4. Do not explain unless requested.
5. Do not summarize unless requested.
6. If the answer appears explicitly in the context, return it exactly.If the context partially answers the question, return the available information.Only reply 'Data is not available.' when no relevant information exists.
7. Preserve technical terminology exactly.
8. Remove conversational words.


Answer:

2026-07-16 09:06:06,304 | INFO     | 
Generating Answer...

2026-07-16 09:06:10,134 | INFO     | HTTP Request: POST http://127.0.0.1:11434/api/chat "HTTP/1.1 200 OK"
2026-07-16 09:06:10,135 | INFO     | ================================================================================
2026-07-16 09:06:10,135 | INFO     | FINAL ANSWER
2026-07-16 09:06:10,136 | INFO     | ================================================================================
2026-07-16 09:06:10,137 | INFO     | Zoom -
2026-07-16 09:06:10,137 | INFO     | 
================================================================================
2026-07-16 09:06:10,138 | INFO     | RETRIEVAL STATISTICS
2026-07-16 09:06:10,138 | INFO     | ================================================================================
2026-07-16 09:06:10,139 | INFO     | Vector Search Top-K : 10
2026-07-16 09:06:10,140 | INFO     | Reranker Top-K      : 5
2026-07-16 09:06:10,141 | INFO     | Context Chunks      : 5
2026-07-16 09:06:10,142 | INFO     | Prompt Characters   : 15371
2026-07-16 09:06:10,142 | INFO     | ================================================================================
2026-07-16 09:06:10,144 | INFO     |  Answer:- Zoom -
2026-07-16 09:08:44,865 | INFO     | HTTP Request: POST http://127.0.0.1:11434/api/chat "HTTP/1.1 200 OK"
2026-07-16 09:08:44,866 | INFO     | 
================================================================================
2026-07-16 09:08:44,866 | INFO     | SEARCH QUERY
2026-07-16 09:08:44,867 | INFO     | ================================================================================
2026-07-16 09:08:44,867 | INFO     | Alarm Logger Manager, figure number, application bar configuration
2026-07-16 09:08:44,868 | INFO     | 
================================================================================
2026-07-16 09:08:44,869 | INFO     | QUESTION SPECIFIC RULES
2026-07-16 09:08:44,869 | INFO     | ================================================================================
2026-07-16 09:08:44,869 | INFO     | - Preserve the original numbering.
2026-07-16 09:08:44,870 | INFO     | - Return the complete procedure.
2026-07-16 09:08:44,871 | INFO     | -------
2026-07-16 09:08:44,872 | INFO     | ================================================================================
2026-07-16 09:08:44,873 | INFO     | SEARCH QUERY
2026-07-16 09:08:44,873 | INFO     | ================================================================================
2026-07-16 09:08:44,874 | INFO     | Alarm Logger Manager, figure number, application bar configuration
2026-07-16 09:08:44,875 | INFO     | **************
2026-07-16 09:08:44,875 | INFO     | ================================================================================
2026-07-16 09:08:44,876 | INFO     | QUESTION SPECIFIC RULES
2026-07-16 09:08:44,876 | INFO     | ================================================================================
2026-07-16 09:08:45,096 | INFO     | 
Connecting PostgreSQL...
2026-07-16 09:08:45,129 | INFO     | 
================================================================================
2026-07-16 09:08:45,130 | INFO     | TOP VECTOR SEARCH RESULTS
2026-07-16 09:08:45,131 | INFO     | ================================================================================
2026-07-16 09:08:45,131 | INFO     | 
Rank : 1
2026-07-16 09:08:45,132 | INFO     | Distance : 0.31216
2026-07-16 09:08:45,133 | INFO     | Source : ABB 800xA.pdf
2026-07-16 09:08:45,134 | INFO     | --------------------------------------------------------------------------------
2026-07-16 09:08:45,134 | INFO     | The Alarm Logger Manager is accessible via the Application Bar (if configured), see Figure 92. It is also possible to access it via a Hot Key, if this is configured for your Operator Workplace.
Figure 92. Alarm Logger Manager in the Application Bar
Image
All available printers will be shown in the A
2026-07-16 09:08:45,135 | INFO     | 
Rank : 2
2026-07-16 09:08:45,136 | INFO     | Distance : 0.34045
2026-07-16 09:08:45,136 | INFO     | Source : ABB 800xA.pdf
2026-07-16 09:08:45,136 | INFO     | --------------------------------------------------------------------------------
2026-07-16 09:08:45,137 | INFO     | The Application Bar (refer to Figure 4) occupies the area at the top of the Operator Workplace window. It is used for showing important information about your system.
The main use is to show the latest alarms, give easy access to the alarm situation for a process area as well as direct links to disp
2026-07-16 09:08:45,139 | INFO     | 
Rank : 3
2026-07-16 09:08:45,139 | INFO     | Distance : 0.38661
2026-07-16 09:08:45,140 | INFO     | Source : ABB 800xA.pdf
2026-07-16 09:08:45,140 | INFO     | --------------------------------------------------------------------------------
2026-07-16 09:08:45,141 | INFO     | The Alarm Analysis object includes the Log Configuration aspect that helps archive the numerical Alarm Analysis properties for later reference. The History Source aspect is not included in the Alarm Analysis object. For information about configuring the History Source aspect, refer to System 800xA, 
2026-07-16 09:08:45,141 | INFO     | 
Rank : 4
2026-07-16 09:08:45,142 | INFO     | Distance : 0.40247
2026-07-16 09:08:45,144 | INFO     | Source : ABB 800xA.pdf
2026-07-16 09:08:45,145 | INFO     | --------------------------------------------------------------------------------
2026-07-16 09:08:45,145 | INFO     | Operator activities describing how to work with a Process Alarm List are described below.
Process Alarm List Tool Bar. Below are the different tools in the Process Alarm List Tool Bar described:
Figure 84. Process Alarm List Tool Bar
Image
Feature Pack Functionality
_
_
_
_
_
_
_
_
_
_
_
_
_
_
_
_
_
2026-07-16 09:08:45,146 | INFO     | 
Rank : 5
2026-07-16 09:08:45,149 | INFO     | Distance : 0.40264
2026-07-16 09:08:45,150 | INFO     | Source : ABB 800xA.pdf
2026-07-16 09:08:45,150 | INFO     | --------------------------------------------------------------------------------
2026-07-16 09:08:45,151 | INFO     | This section describes the procedure to acknowledge alarms in a graphic aspect. In the System 800xA, alarms are acknowledged by using the alarm list or by using the Alarm Control button available in the faceplate. Alarms in a graphic aspect can also be acknowledged using a single command. The comman
2026-07-16 09:08:45,152 | INFO     | 
Rank : 6
2026-07-16 09:08:45,153 | INFO     | Distance : 0.40453
2026-07-16 09:08:45,154 | INFO     | Source : ABB 800xA.pdf
2026-07-16 09:08:45,155 | INFO     | --------------------------------------------------------------------------------
2026-07-16 09:08:45,156 | INFO     | Navigate to the configured Alarm Analysis object to view the alarm analysis reports. For more information on configuring this object, refer to System 800xA, Configuration (3BDS011222*) .
The Alarm Analysis aspect generates the reports using the configured KPIs. These reports are displayed in Graphic
2026-07-16 09:08:45,157 | INFO     | 
Rank : 7
2026-07-16 09:08:45,158 | INFO     | Distance : 0.40456
2026-07-16 09:08:45,158 | INFO     | Source : ABB 800xA.pdf
2026-07-16 09:08:45,159 | INFO     | --------------------------------------------------------------------------------
2026-07-16 09:08:45,159 | INFO     | The Alarm Analysis function is an effective alarm management function that allows the operators to monitor the quality of the alarm system and help analyze problems in the alarm system. Refer to System 800xA, Configuration (3BDS011222*) and System 800xA, Administration and Security (3BSE037410*) for
2026-07-16 09:08:45,160 | INFO     | 
Rank : 8
2026-07-16 09:08:45,160 | INFO     | Distance : 0.40496
2026-07-16 09:08:45,161 | INFO     | Source : ABB 800xA.pdf
2026-07-16 09:08:45,161 | INFO     | --------------------------------------------------------------------------------
2026-07-16 09:08:45,162 | INFO     | Process Alarms, = ..............................................................................................................103. Process Alarm List, = .............................................................................................103. Alarm Band.....................................
2026-07-16 09:08:45,162 | INFO     | 
Rank : 9
2026-07-16 09:08:45,164 | INFO     | Distance : 0.40805
2026-07-16 09:08:45,164 | INFO     | Source : ABB 800xA.pdf
2026-07-16 09:08:45,166 | INFO     | --------------------------------------------------------------------------------
2026-07-16 09:08:45,167 | INFO     | Examples of how to access different Alarm Lists are listed below.
- Click on the Process Alarm List button in the Application Bar to see a list of all process alarms, see Figure 78.
- Click on the Alarm List shortcut in a faceplate to see a list of alarms for a specific object.
- Click on an Alarm B
2026-07-16 09:08:45,167 | INFO     | 
Rank : 10
2026-07-16 09:08:45,168 | INFO     | Distance : 0.41203
2026-07-16 09:08:45,168 | INFO     | Source : ABB 800xA.pdf
2026-07-16 09:08:45,169 | INFO     | --------------------------------------------------------------------------------
2026-07-16 09:08:45,169 | INFO     | The following table shows the updates made in this User Manual for 800xA 5.1 Feature Pack 4.
Section 6 Alarms and Events, Description of Update = Added a new section AC 800M Status Monitoring Tool .. Appendix A System Alarm and Event Messages, Description of Update = Added the details of ITPNSMMonit
2026-07-16 09:09:19,558 | INFO     | 
================================================================================
2026-07-16 09:09:19,559 | INFO     | TOP RERANKED CHUNKS
2026-07-16 09:09:19,560 | INFO     | ================================================================================
2026-07-16 09:09:19,560 | INFO     | 
Rank : 1
2026-07-16 09:09:19,561 | INFO     | Distance : 0.31216
2026-07-16 09:09:19,561 | INFO     | Reranker : 0.97658
2026-07-16 09:09:19,562 | INFO     | Source : ABB 800xA.pdf
2026-07-16 09:09:19,562 | INFO     | --------------------------------------------------------------------------------
2026-07-16 09:09:19,563 | INFO     | The Alarm Logger Manager is accessible via the Application Bar (if configured), see Figure 92. It is also possible to access it via a Hot Key, if this is configured for your Operator Workplace.
Figure 92. Alarm Logger Manager in the Application Bar
Image
All available printers will be shown in the Alarm Logger Manager dialog. See Figure 93.
Figure 93. Alarm Logger Manager
Image
The Alarm Logger Manager toolbar has the following tools (also available from the context menu):
- -Enable Printing - E
2026-07-16 09:09:19,564 | INFO     | 
Rank : 2
2026-07-16 09:09:19,565 | INFO     | Distance : 0.34045
2026-07-16 09:09:19,565 | INFO     | Reranker : 0.59883
2026-07-16 09:09:19,566 | INFO     | Source : ABB 800xA.pdf
2026-07-16 09:09:19,566 | INFO     | --------------------------------------------------------------------------------
2026-07-16 09:09:19,567 | INFO     | The Application Bar (refer to Figure 4) occupies the area at the top of the Operator Workplace window. It is used for showing important information about your system.
The main use is to show the latest alarms, give easy access to the alarm situation for a process area as well as direct links to displays or other aspects and tools.
Note that in Operator Mode it is not possible to cover the Application Bar with other displays that is the Application Bar is a Safe Area.
The different parts of the A
2026-07-16 09:09:19,567 | INFO     | 
Rank : 3
2026-07-16 09:09:19,568 | INFO     | Distance : 0.40496
2026-07-16 09:09:19,569 | INFO     | Reranker : 0.53535
2026-07-16 09:09:19,570 | INFO     | Source : ABB 800xA.pdf
2026-07-16 09:09:19,580 | INFO     | --------------------------------------------------------------------------------
2026-07-16 09:09:19,580 | INFO     | Process Alarms, = ..............................................................................................................103. Process Alarm List, = .............................................................................................103. Alarm Band........................................................................................................121, = . Alarm Sequence Bar, = ..........................................................................................123. Alarm L
2026-07-16 09:09:19,581 | INFO     | 
Rank : 4
2026-07-16 09:09:19,582 | INFO     | Distance : 0.40805
2026-07-16 09:09:19,582 | INFO     | Reranker : 0.34478
2026-07-16 09:09:19,583 | INFO     | Source : ABB 800xA.pdf
2026-07-16 09:09:19,584 | INFO     | --------------------------------------------------------------------------------
2026-07-16 09:09:19,585 | INFO     | Examples of how to access different Alarm Lists are listed below.
- Click on the Process Alarm List button in the Application Bar to see a list of all process alarms, see Figure 78.
- Click on the Alarm List shortcut in a faceplate to see a list of alarms for a specific object.
- Click on an Alarm Band to see a list of all alarms for a specific process area, see Figure 78. For more about Alarm Band see Alarm Band on page 121.

- From an Alarm Line in the Application Bar using the context menu (
2026-07-16 09:09:19,586 | INFO     | 
Rank : 5
2026-07-16 09:09:19,586 | INFO     | Distance : 0.40456
2026-07-16 09:09:19,587 | INFO     | Reranker : 0.18575
2026-07-16 09:09:19,587 | INFO     | Source : ABB 800xA.pdf
2026-07-16 09:09:19,588 | INFO     | --------------------------------------------------------------------------------
2026-07-16 09:09:19,590 | INFO     | The Alarm Analysis function is an effective alarm management function that allows the operators to monitor the quality of the alarm system and help analyze problems in the alarm system. Refer to System 800xA, Configuration (3BDS011222*) and System 800xA, Administration and Security (3BSE037410*) for information about the Alarm Analysis configuration.
The Alarm Analysis function provides an easy and simple implementation to calculate the Key Performance Indicators (KPIs). The Alarm Analysis servi
2026-07-16 09:09:19,590 | INFO     | 
================================================================================
2026-07-16 09:09:19,591 | INFO     | 
================================================================================
2026-07-16 09:09:19,591 | INFO     | RULES
2026-07-16 09:09:19,592 | INFO     | ================================================================================
2026-07-16 09:09:19,592 | INFO     | 1. Use ONLY the supplied context.
2026-07-16 09:09:19,593 | INFO     | 2. Do NOT use outside knowledge.
2026-07-16 09:09:19,593 | INFO     | 3. Return only the requested information.
2026-07-16 09:09:19,594 | INFO     | 4. Do not explain unless requested.
2026-07-16 09:09:19,595 | INFO     | 5. Do not summarize unless requested.
2026-07-16 09:09:19,596 | INFO     | 6. If the answer appears explicitly in the context, return it exactly.If the context partially answers the question, return the available information.Only reply 'Data is not available.' when no relevant information exists.
2026-07-16 09:09:19,597 | INFO     | 7. Preserve the original numbering.
2026-07-16 09:09:19,599 | INFO     | 8. Return the complete procedure.
2026-07-16 09:09:19,599 | INFO     | prompt:= 
You are a RAG assistant.

Answer ONLY from the supplied context.

Context:
The Alarm Logger Manager is accessible via the Application Bar (if configured), see Figure 92. It is also possible to access it via a Hot Key, if this is configured for your Operator Workplace.
Figure 92. Alarm Logger Manager in the Application Bar
Image
All available printers will be shown in the Alarm Logger Manager dialog. See Figure 93.
Figure 93. Alarm Logger Manager
Image
The Alarm Logger Manager toolbar has the following tools (also available from the context menu):
- -Enable Printing - Enables the alarm logger function.
- -Disable Printing - Disables the alarm logger function.
- -Clear Jobs - The buffered jobs in queue are cleared.
- -Force Print - The buffered jobs in queue are printed.

The Alarm Logger Manager is accessible via the Application Bar (if configured), see Figure 92. It is also possible to access it via a Hot Key, if this is configured for your Operator Workplace.
Figure 92. Alarm Logger Manager in the Application Bar
Image
All available printers will be shown in the Alarm Logger Manager dialog. See Figure 93.
Figure 93. Alarm Logger Manager
Image
The Alarm Logger Manager toolbar has the following tools (also available from the context menu):
- -Enable Printing - Enables the alarm logger function.
- -Disable Printing - Disables the alarm logger function.
- -Clear Jobs - The buffered jobs in queue are cleared.
- -Force Print - The buffered jobs in queue are printed.

Alarm Logger Manager

Headings: Alarm Logger Manager

[OCR_IMAGE_TEXT:img_00171]
No text found

[OCR_IMAGE_TEXT:img_00172]
AlarmLogger:AlarmLoggerManager
Alarm Logger:Alarm Logger Manager
Basic/AlarmLogger_Basic_UsToo3
Description: Enabled, Master
Printer: myFinePrint
Numberof jobsinqueue:0
Last printoutat: -
Basic/AlarmLogger_Basic_USTo05
Description: Enabled
Printer: IBM Infoprint 1352
Numberofjobsinqueue:o
Last printout at: -
Main/ControllRoom3
Description: Service not configured, Master
Printer: -
Number of jobs in queue: -
Last printout at: -

The Application Bar (refer to Figure 4) occupies the area at the top of the Operator Workplace window. It is used for showing important information about your system.
The main use is to show the latest alarms, give easy access to the alarm situation for a process area as well as direct links to displays or other aspects and tools.
Note that in Operator Mode it is not possible to cover the Application Bar with other displays that is the Application Bar is a Safe Area.
The different parts of the Application Bar are described below.
Figure 4. Application Bar
Image

The Application Bar (refer to Figure 4) occupies the area at the top of the Operator Workplace window. It is used for showing important information about your system.
The main use is to show the latest alarms, give easy access to the alarm situation for a process area as well as direct links to displays or other aspects and tools.
Note that in Operator Mode it is not possible to cover the Application Bar with other displays that is the Application Bar is a Safe Area.
The different parts of the Application Bar are described below.
Figure 4. Application Bar
Image

Application Bar

Headings: Application Bar

[OCR_IMAGE_TEXT:img_00013]
Alarm Band
AlarmLine
System Alarm Band
Process
RTN
28 13:56:34:462
AM2
Inoperative
Service Provider in Operational State
alume
System
RTN
28 13:54:37:696
Service Provider in Operational State
33
33
RTN
Basic
28 13:54:37:696
Inoper ative
Service in Operation
5/2/200610:37
Operator Workplace
Replace
Operator Workplace:Startup Display

Process Alarms, = ..............................................................................................................103. Process Alarm List, = .............................................................................................103. Alarm Band........................................................................................................121, = . Alarm Sequence Bar, = ..........................................................................................123. Alarm Logger Manager......................................................................................124, = . System Alarms...............................................................................................................125, = . System Alarm List..............................................................................................126, = . Process Events, = ...............................................................................................................128. Process Event List, = ..............................................................................................128. System, = Events................................................................................................................134. System Event List...............................................................................................134, = . Section 7 - Trends, = . Accessing Trend Display...............................................................................................137, = . Print Trend Views...............................................................................................137, = . Trend Display Layout....................................................................................................138, = . Trend Area..........................................................................................................141, = . Trend Tool Bar, = ...................................................................................................142. Top Tool Bar.......................................................................................................148, = . Bottom Tool, = Bar.................................................................................................150. Item Area, = ...........................................................................................................152. Trend Table.........................................................................................................153, = . Context, = Menu................................................................................................................159. Trend Table Context, = Menu.................................................................................160. Item Area Context Menu....................................................................................161, = . Trend Area Context Menu..................................................................................162, = . Rulers, = ............................................................................................................................162. Vertical Ruler, = .....................................................................................................163. Vertical Size Ruler..............................................................................................164, = . Horizontal Ruler.................................................................................................165, = . Horizontal Size, = Ruler.........................................................................................166. Area Size Ruler, = ..................................................................................................167

Process Alarms, = ..............................................................................................................103. Process Alarm List, = .............................................................................................103. Alarm Band........................................................................................................121, = . Alarm Sequence Bar, = ..........................................................................................123. Alarm Logger Manager......................................................................................124, = . System Alarms...............................................................................................................125, = . System Alarm List..............................................................................................126, = . Process Events, = ...............................................................................................................128. Process Event List, = ..............................................................................................128. System, = Events................................................................................................................134. System Event List...............................................................................................134, = . Section 7 - Trends, = . Accessing Trend Display...............................................................................................137, = . Print Trend Views...............................................................................................137, = . Trend Display Layout....................................................................................................138, = . Trend Area..........................................................................................................141, = . Trend Tool Bar, = ...................................................................................................142. Top Tool Bar.......................................................................................................148, = . Bottom Tool, = Bar.................................................................................................150. Item Area, = ...........................................................................................................152. Trend Table.........................................................................................................153, = . Context, = Menu................................................................................................................159. Trend Table Context, = Menu.................................................................................160. Item Area Context Menu....................................................................................161, = . Trend Area Context Menu..................................................................................162, = . Rulers, = ............................................................................................................................162. Vertical Ruler, = .....................................................................................................163. Vertical Size Ruler..............................................................................................164, = . Horizontal Ruler.................................................................................................165, = . Horizontal Size, = Ruler.........................................................................................166. Area Size Ruler, = ..................................................................................................167

Table of Contents

Headings: Table of Contents

Examples of how to access different Alarm Lists are listed below.
- Click on the Process Alarm List button in the Application Bar to see a list of all process alarms, see Figure 78.
- Click on the Alarm List shortcut in a faceplate to see a list of alarms for a specific object.
- Click on an Alarm Band to see a list of all alarms for a specific process area, see Figure 78. For more about Alarm Band see Alarm Band on page 121.

- From an Alarm Line in the Application Bar using the context menu (see Figure 78).
Figure 78. Accessing the Process Alarm List
Image
Figure 79. Process Alarm List with default Columns
Image
Columns. The different columns in the Process Alarm List are described below:
- AckState - shows if the alarm is acknowledged or not.
- AckTime - acknowledge time.
- ActiveTime - shows the time when the alarm was generated.

Examples of how to access different Alarm Lists are listed below.
- Click on the Process Alarm List button in the Application Bar to see a list of all process alarms, see Figure 78.
- Click on the Alarm List shortcut in a faceplate to see a list of alarms for a specific object.
- Click on an Alarm Band to see a list of all alarms for a specific process area, see Figure 78. For more about Alarm Band see Alarm Band on page 121.

- From an Alarm Line in the Application Bar using the context menu (see Figure 78).
Figure 78. Accessing the Process Alarm List
Image
Figure 79. Process Alarm List with default Columns
Image
Columns. The different columns in the Process Alarm List are described below:
- AckState - shows if the alarm is acknowledged or not.
- AckTime - acknowledge time.
- ActiveTime - shows the time when the alarm was generated.

Accessing and Reading

Headings: Accessing and Reading

[OCR_IMAGE_TEXT:img_00138]
AlarmBand
AlarmLine
ACT
Process
24 12:55:34:680
B.C
alsrms
ACT
24 12:55:16:384
A.B
ACT
24 12:55:01:928
1020
A.B.A.A
AlarmListButton

[OCR_IMAGE_TEXT:img_00139]
ProcessAlarm:ProcessAlarmList
Process Alarm:Process Alarm List
AckPrio
State
ObjectName
Class
ObjectDescription
Condition
SubCondition
Message
ActiveTime
ACT
B.C
24 10:59:04:535
description for B.C
OUTPUT
HI
Alarm 1006
-7323
A.C
ACT
OUTPUT
HIHI
Alarm 1005
24 10:59:04:520
description for A.C
-6268
ACT
B.A.A.A
24 10:59:04:520
description for B.A.A.A
LOLO
Alarm 1004
SETPOINT
9845
ACT
description for B
OUTPUT
LO
24 10:59:04:520
Alarm 1003
ACT
B.A
description for B.A
24 10:59:04:520
SETPOINT
LOLO
Alarm 1002
7220
ACT
A.B.A.A
description for A.B.A.A
SETPOINT
HI
Alarm 1001
24 10:59:04:520
-3386
ACT
A.C.A
description for A.C.A
24 10:59:04:504
SETPOINT
DATA QUALITY Alarm 1000
-1148
ACT
B.A
LOLO
Alarm 999
description for B.A
MEASURE
24 10:59:04:504
455
ACT
C.B
description for C.B
SETPOINT
LOLO
Alarm 998
24 10:59:04:504
-2849
ACT
HI
Alarm 997
24 10:59:04:488
C.A.A.A
description for C.A.A.A
MEASURE
-7398
ACT
dorrintinn fnr R &
SETPAINT
larm QQ6
2410·59·n448R
Q495
Page 1 of 3

The Alarm Analysis function is an effective alarm management function that allows the operators to monitor the quality of the alarm system and help analyze problems in the alarm system. Refer to System 800xA, Configuration (3BDS011222*) and System 800xA, Administration and Security (3BSE037410*) for information about the Alarm Analysis configuration.
The Alarm Analysis function provides an easy and simple implementation to calculate the Key Performance Indicators (KPIs). The Alarm Analysis service calculates the KPIs and publishes the values as server properties. The Alarm Analysis aspect uses the server properties as OPC properties to enable other aspects such as Log Configuration aspect to reuse the data.
The Log Configuration aspect collects the OPC data for the history of alarms and events. Graphic elements enable visualization of the reports.
One of the key advantages of the Alarm Analysis function over external alarm analysis packages is the easy and precise configuration. By pointing to an Alarm & Event list, the Alarm Analysis function calculates the KPIs accurately for this list without the need to setup complex and error-prone filter configurations. The Alarm Analysis function computes and monitors the following KPIs:
- Number of currently active alarms.
- Number of currently unacknowledged alarms.
- Number of currently hidden alarms.
- Number of currently shelved alarms.
- Average number of alarms per hour (for the latest reporting period).
- Maximum number of alarms per hour (for the latest reporting period).
- Alarm rate (alarms per short term interval).
- Average time to acknowledge alarms (alarms per short term interval).
- Percentage of intervals above acceptability level (for the latest reporting period).
- Percentage of intervals above intense alarm activity level (for the latest reporting period).
- Percentage load of the top 20 alarms (for the latest reporting period).
- 20 most frequent alarms (for the latest reporting period).
- 20 alarms that were active (without interruption) for the longest time (for the latest reporting period).
- 20 alarms (still active) that are active for the longest time (for the latest reporting period).
- Runtime distribution of alarm priorities (for the latest reporting period).
The priority distribution of the alarms contain an array of 32 integers that represent the number of activations for each priority in the latest reporting period.
The average number of alarms per hour and maximum number of alarms per hour are used as alarm performance benchmarks in the Alarm KPI report.

The Alarm Analysis function is an effective alarm management function that allows the operators to monitor the quality of the alarm system and help analyze problems in the alarm system. Refer to System 800xA, Configuration (3BDS011222*) and System 800xA, Administration and Security (3BSE037410*) for information about the Alarm Analysis configuration.
The Alarm Analysis function provides an easy and simple implementation to calculate the Key Performance Indicators (KPIs). The Alarm Analysis service calculates the KPIs and publishes the values as server properties. The Alarm Analysis aspect uses the server properties as OPC properties to enable other aspects such as Log Configuration aspect to reuse the data.
The Log Configuration aspect collects the OPC data for the history of alarms and events. Graphic elements enable visualization of the reports.
One of the key advantages of the Alarm Analysis function over external alarm analysis packages is the easy and precise configuration. By pointing to an Alarm & Event list, the Alarm Analysis function calculates the KPIs accurately for this list without the need to setup complex and error-prone filter configurations. The Alarm Analysis function computes and monitors the following KPIs:
- Number of currently active alarms.
- Number of currently unacknowledged alarms.
- Number of currently hidden alarms.
- Number of currently shelved alarms.
- Average number of alarms per hour (for the latest reporting period).
- Maximum number of alarms per hour (for the latest reporting period).
- Alarm rate (alarms per short term interval).
- Average time to acknowledge alarms (alarms per short term interval).
- Percentage of intervals above acceptability level (for the latest reporting period).
- Percentage of intervals above intense alarm activity level (for the latest reporting period).
- Percentage load of the top 20 alarms (for the latest reporting period).
- 20 most frequent alarms (for the latest reporting period).
- 20 alarms that were active (without interruption) for the longest time (for the latest reporting period).
- 20 alarms (still active) that are active for the longest time (for the latest reporting period).
- Runtime distribution of alarm priorities (for the latest reporting period).
The priority distribution of the alarms contain an array of 32 integers that represent the number of activations for each priority in the latest reporting period.
The average number of alarms per hour and maximum number of alarms per hour are used as alarm performance benchmarks in the Alarm KPI report.

Alarm Analysis

Headings: Alarm Analysis

Question:

if my application bar is configure so in which figure number i can see in Alarm Logger Manager?


Rules:
1. Use ONLY the supplied context.
2. Do NOT use outside knowledge.
3. Return only the requested information.
4. Do not explain unless requested.
5. Do not summarize unless requested.
6. If the answer appears explicitly in the context, return it exactly.If the context partially answers the question, return the available information.Only reply 'Data is not available.' when no relevant information exists.
7. Preserve the original numbering.
8. Return the complete procedure.


Answer:

2026-07-16 09:09:19,600 | INFO     | 
Generating Answer...

2026-07-16 09:09:23,824 | INFO     | HTTP Request: POST http://127.0.0.1:11434/api/chat "HTTP/1.1 200 OK"
2026-07-16 09:09:23,825 | INFO     | ================================================================================
2026-07-16 09:09:23,826 | INFO     | FINAL ANSWER
2026-07-16 09:09:23,826 | INFO     | ================================================================================
2026-07-16 09:09:23,827 | INFO     | 124 

Refer to Figure 92 for Alarm Logger Manager in the Application Bar.
2026-07-16 09:09:23,827 | INFO     | 
================================================================================
2026-07-16 09:09:23,829 | INFO     | RETRIEVAL STATISTICS
2026-07-16 09:09:23,830 | INFO     | ================================================================================
2026-07-16 09:09:23,831 | INFO     | Vector Search Top-K : 10
2026-07-16 09:09:23,831 | INFO     | Reranker Top-K      : 5
2026-07-16 09:09:23,833 | INFO     | Context Chunks      : 5
2026-07-16 09:09:23,833 | INFO     | Prompt Characters   : 19810
2026-07-16 09:09:23,835 | INFO     | ================================================================================
2026-07-16 09:09:23,837 | INFO     |  Answer:- 124 

Refer to Figure 92 for Alarm Logger Manager in the Application Bar.
2026-07-16 09:15:02,653 | INFO     | No device provided, using cpu
2026-07-16 09:15:03,080 | INFO     | HTTP Request: HEAD https://huggingface.co/BAAI/bge-m3/resolve/main/modules.json "HTTP/1.1 307 Temporary Redirect"
2026-07-16 09:15:03,098 | INFO     | HTTP Request: HEAD https://huggingface.co/api/resolve-cache/models/BAAI/bge-m3/5617a9f61b028005a4858fdac845db406aefb181/modules.json "HTTP/1.1 200 OK"
2026-07-16 09:15:03,388 | INFO     | HTTP Request: HEAD https://huggingface.co/BAAI/bge-m3/resolve/main/config_sentence_transformers.json "HTTP/1.1 307 Temporary Redirect"
2026-07-16 09:15:03,401 | INFO     | HTTP Request: HEAD https://huggingface.co/api/resolve-cache/models/BAAI/bge-m3/5617a9f61b028005a4858fdac845db406aefb181/config_sentence_transformers.json "HTTP/1.1 200 OK"
2026-07-16 09:15:03,408 | INFO     | Loading SentenceTransformer model from BAAI/bge-m3.
2026-07-16 09:15:03,696 | INFO     | HTTP Request: HEAD https://huggingface.co/BAAI/bge-m3/resolve/main/config_sentence_transformers.json "HTTP/1.1 307 Temporary Redirect"
2026-07-16 09:15:03,706 | INFO     | HTTP Request: HEAD https://huggingface.co/api/resolve-cache/models/BAAI/bge-m3/5617a9f61b028005a4858fdac845db406aefb181/config_sentence_transformers.json "HTTP/1.1 200 OK"
2026-07-16 09:15:04,002 | INFO     | HTTP Request: HEAD https://huggingface.co/BAAI/bge-m3/resolve/main/README.md "HTTP/1.1 307 Temporary Redirect"
2026-07-16 09:15:04,016 | INFO     | HTTP Request: HEAD https://huggingface.co/api/resolve-cache/models/BAAI/bge-m3/5617a9f61b028005a4858fdac845db406aefb181/README.md "HTTP/1.1 200 OK"
2026-07-16 09:15:04,310 | INFO     | HTTP Request: HEAD https://huggingface.co/BAAI/bge-m3/resolve/main/modules.json "HTTP/1.1 307 Temporary Redirect"
2026-07-16 09:15:04,322 | INFO     | HTTP Request: HEAD https://huggingface.co/api/resolve-cache/models/BAAI/bge-m3/5617a9f61b028005a4858fdac845db406aefb181/modules.json "HTTP/1.1 200 OK"
2026-07-16 09:15:04,601 | INFO     | HTTP Request: HEAD https://huggingface.co/BAAI/bge-m3/resolve/main/sentence_bert_config.json "HTTP/1.1 307 Temporary Redirect"
2026-07-16 09:15:04,620 | INFO     | HTTP Request: HEAD https://huggingface.co/api/resolve-cache/models/BAAI/bge-m3/5617a9f61b028005a4858fdac845db406aefb181/sentence_bert_config.json "HTTP/1.1 200 OK"
2026-07-16 09:15:04,931 | INFO     | HTTP Request: HEAD https://huggingface.co/BAAI/bge-m3/resolve/main/adapter_config.json "HTTP/1.1 404 Not Found"
2026-07-16 09:15:05,152 | INFO     | HTTP Request: HEAD https://huggingface.co/BAAI/bge-m3/resolve/main/config.json "HTTP/1.1 307 Temporary Redirect"
2026-07-16 09:15:05,164 | INFO     | HTTP Request: HEAD https://huggingface.co/api/resolve-cache/models/BAAI/bge-m3/5617a9f61b028005a4858fdac845db406aefb181/config.json "HTTP/1.1 200 OK"
2026-07-16 09:15:05,645 | INFO     | HTTP Request: HEAD https://huggingface.co/BAAI/bge-m3/resolve/main/model.safetensors "HTTP/1.1 404 Not Found"
2026-07-16 09:15:05,961 | INFO     | HTTP Request: GET https://huggingface.co/api/models/BAAI/bge-m3 "HTTP/1.1 200 OK"
2026-07-16 09:15:06,212 | INFO     | HTTP Request: GET https://huggingface.co/api/models/BAAI/bge-m3/commits/main "HTTP/1.1 200 OK"
2026-07-16 09:15:06,466 | INFO     | HTTP Request: HEAD https://huggingface.co/BAAI/bge-m3/resolve/main/processor_config.json "HTTP/1.1 404 Not Found"
2026-07-16 09:15:06,469 | INFO     | HTTP Request: GET https://huggingface.co/api/models/BAAI/bge-m3/discussions?p=0 "HTTP/1.1 200 OK"
2026-07-16 09:15:06,720 | INFO     | HTTP Request: GET https://huggingface.co/api/models/BAAI/bge-m3/commits/refs%2Fpr%2F130 "HTTP/1.1 200 OK"
2026-07-16 09:15:06,721 | INFO     | HTTP Request: HEAD https://huggingface.co/BAAI/bge-m3/resolve/main/preprocessor_config.json "HTTP/1.1 404 Not Found"
2026-07-16 09:15:06,991 | INFO     | HTTP Request: HEAD https://huggingface.co/BAAI/bge-m3/resolve/refs%2Fpr%2F130/model.safetensors.index.json "HTTP/1.1 404 Not Found"
2026-07-16 09:15:06,992 | INFO     | HTTP Request: HEAD https://huggingface.co/BAAI/bge-m3/resolve/main/video_preprocessor_config.json "HTTP/1.1 404 Not Found"
2026-07-16 09:15:07,298 | INFO     | HTTP Request: HEAD https://huggingface.co/BAAI/bge-m3/resolve/refs%2Fpr%2F130/model.safetensors "HTTP/1.1 302 Found"
2026-07-16 09:15:07,300 | INFO     | HTTP Request: HEAD https://huggingface.co/BAAI/bge-m3/resolve/main/preprocessor_config.json "HTTP/1.1 404 Not Found"
2026-07-16 09:15:07,689 | INFO     | HTTP Request: HEAD https://huggingface.co/BAAI/bge-m3/resolve/main/tokenizer_config.json "HTTP/1.1 307 Temporary Redirect"
2026-07-16 09:15:07,700 | INFO     | HTTP Request: HEAD https://huggingface.co/api/resolve-cache/models/BAAI/bge-m3/5617a9f61b028005a4858fdac845db406aefb181/tokenizer_config.json "HTTP/1.1 200 OK"
2026-07-16 09:15:07,995 | INFO     | HTTP Request: HEAD https://huggingface.co/BAAI/bge-m3/resolve/main/config.json "HTTP/1.1 307 Temporary Redirect"
2026-07-16 09:15:08,007 | INFO     | HTTP Request: HEAD https://huggingface.co/api/resolve-cache/models/BAAI/bge-m3/5617a9f61b028005a4858fdac845db406aefb181/config.json "HTTP/1.1 200 OK"
2026-07-16 09:15:08,303 | INFO     | HTTP Request: HEAD https://huggingface.co/BAAI/bge-m3/resolve/main/config.json "HTTP/1.1 307 Temporary Redirect"
2026-07-16 09:15:08,317 | INFO     | HTTP Request: HEAD https://huggingface.co/api/resolve-cache/models/BAAI/bge-m3/5617a9f61b028005a4858fdac845db406aefb181/config.json "HTTP/1.1 200 OK"
2026-07-16 09:15:08,711 | INFO     | HTTP Request: HEAD https://huggingface.co/BAAI/bge-m3/resolve/main/tokenizer_config.json "HTTP/1.1 307 Temporary Redirect"
2026-07-16 09:15:08,721 | INFO     | HTTP Request: HEAD https://huggingface.co/api/resolve-cache/models/BAAI/bge-m3/5617a9f61b028005a4858fdac845db406aefb181/tokenizer_config.json "HTTP/1.1 200 OK"
2026-07-16 09:15:09,160 | INFO     | HTTP Request: GET https://huggingface.co/api/models/BAAI/bge-m3/tree/main/additional_chat_templates?recursive=false&expand=false "HTTP/1.1 404 Not Found"
2026-07-16 09:15:09,428 | INFO     | HTTP Request: GET https://huggingface.co/api/models/BAAI/bge-m3/tree/main?recursive=true&expand=false "HTTP/1.1 200 OK"
2026-07-16 09:15:11,377 | INFO     | HTTP Request: GET https://huggingface.co/api/models/BAAI/bge-m3 "HTTP/1.1 200 OK"
2026-07-16 09:15:11,682 | INFO     | HTTP Request: HEAD https://huggingface.co/BAAI/bge-m3/resolve/main/1_Pooling/config.json "HTTP/1.1 307 Temporary Redirect"
2026-07-16 09:15:11,694 | INFO     | HTTP Request: HEAD https://huggingface.co/api/resolve-cache/models/BAAI/bge-m3/5617a9f61b028005a4858fdac845db406aefb181/1_Pooling%2Fconfig.json "HTTP/1.1 200 OK"
2026-07-16 09:15:12,304 | INFO     | HTTP Request: GET https://huggingface.co/api/models/BAAI/bge-m3 "HTTP/1.1 200 OK"
2026-07-16 09:15:12,315 | INFO     | No device provided, using cpu
2026-07-16 09:15:12,604 | INFO     | HTTP Request: HEAD https://huggingface.co/BAAI/bge-reranker-v2-m3/resolve/main/modules.json "HTTP/1.1 404 Not Found"
2026-07-16 09:15:12,612 | INFO     | No modules.json found for BAAI/bge-reranker-v2-m3, initializing a new CrossEncoder model.
2026-07-16 09:15:12,910 | INFO     | HTTP Request: GET https://huggingface.co/api/models/BAAI/bge-reranker-v2-m3 "HTTP/1.1 200 OK"
2026-07-16 09:15:13,218 | INFO     | HTTP Request: HEAD https://huggingface.co/BAAI/bge-reranker-v2-m3/resolve/main/config.json "HTTP/1.1 307 Temporary Redirect"
2026-07-16 09:15:13,229 | INFO     | HTTP Request: HEAD https://huggingface.co/api/resolve-cache/models/BAAI/bge-reranker-v2-m3/953dc6f6f85a1b2dbfca4c34a2796e7dde08d41e/config.json "HTTP/1.1 200 OK"
2026-07-16 09:15:13,524 | INFO     | HTTP Request: HEAD https://huggingface.co/BAAI/bge-reranker-v2-m3/resolve/main/adapter_config.json "HTTP/1.1 404 Not Found"
2026-07-16 09:15:13,833 | INFO     | HTTP Request: HEAD https://huggingface.co/BAAI/bge-reranker-v2-m3/resolve/main/config.json "HTTP/1.1 307 Temporary Redirect"
2026-07-16 09:15:13,844 | INFO     | HTTP Request: HEAD https://huggingface.co/api/resolve-cache/models/BAAI/bge-reranker-v2-m3/953dc6f6f85a1b2dbfca4c34a2796e7dde08d41e/config.json "HTTP/1.1 200 OK"
2026-07-16 09:15:14,241 | INFO     | HTTP Request: HEAD https://huggingface.co/BAAI/bge-reranker-v2-m3/resolve/main/processor_config.json "HTTP/1.1 404 Not Found"
2026-07-16 09:15:14,548 | INFO     | HTTP Request: HEAD https://huggingface.co/BAAI/bge-reranker-v2-m3/resolve/main/preprocessor_config.json "HTTP/1.1 404 Not Found"
2026-07-16 09:15:14,854 | INFO     | HTTP Request: HEAD https://huggingface.co/BAAI/bge-reranker-v2-m3/resolve/main/video_preprocessor_config.json "HTTP/1.1 404 Not Found"
2026-07-16 09:15:15,163 | INFO     | HTTP Request: HEAD https://huggingface.co/BAAI/bge-reranker-v2-m3/resolve/main/preprocessor_config.json "HTTP/1.1 404 Not Found"
2026-07-16 09:15:15,473 | INFO     | HTTP Request: HEAD https://huggingface.co/BAAI/bge-reranker-v2-m3/resolve/main/tokenizer_config.json "HTTP/1.1 307 Temporary Redirect"
2026-07-16 09:15:15,485 | INFO     | HTTP Request: HEAD https://huggingface.co/api/resolve-cache/models/BAAI/bge-reranker-v2-m3/953dc6f6f85a1b2dbfca4c34a2796e7dde08d41e/tokenizer_config.json "HTTP/1.1 200 OK"
2026-07-16 09:15:15,778 | INFO     | HTTP Request: HEAD https://huggingface.co/BAAI/bge-reranker-v2-m3/resolve/main/config.json "HTTP/1.1 307 Temporary Redirect"
2026-07-16 09:15:15,789 | INFO     | HTTP Request: HEAD https://huggingface.co/api/resolve-cache/models/BAAI/bge-reranker-v2-m3/953dc6f6f85a1b2dbfca4c34a2796e7dde08d41e/config.json "HTTP/1.1 200 OK"
2026-07-16 09:15:16,087 | INFO     | HTTP Request: HEAD https://huggingface.co/BAAI/bge-reranker-v2-m3/resolve/main/config.json "HTTP/1.1 307 Temporary Redirect"
2026-07-16 09:15:16,099 | INFO     | HTTP Request: HEAD https://huggingface.co/api/resolve-cache/models/BAAI/bge-reranker-v2-m3/953dc6f6f85a1b2dbfca4c34a2796e7dde08d41e/config.json "HTTP/1.1 200 OK"
2026-07-16 09:15:16,443 | INFO     | HTTP Request: HEAD https://huggingface.co/BAAI/bge-reranker-v2-m3/resolve/main/tokenizer_config.json "HTTP/1.1 307 Temporary Redirect"
2026-07-16 09:15:16,553 | INFO     | HTTP Request: HEAD https://huggingface.co/api/resolve-cache/models/BAAI/bge-reranker-v2-m3/953dc6f6f85a1b2dbfca4c34a2796e7dde08d41e/tokenizer_config.json "HTTP/1.1 200 OK"
2026-07-16 09:15:16,798 | INFO     | HTTP Request: GET https://huggingface.co/api/models/BAAI/bge-reranker-v2-m3/tree/main/additional_chat_templates?recursive=false&expand=false "HTTP/1.1 404 Not Found"
2026-07-16 09:15:17,112 | INFO     | HTTP Request: GET https://huggingface.co/api/models/BAAI/bge-reranker-v2-m3/tree/main?recursive=true&expand=false "HTTP/1.1 200 OK"
2026-07-16 09:15:18,470 | INFO     | HTTP Request: GET https://huggingface.co/api/models/BAAI/bge-reranker-v2-m3 "HTTP/1.1 200 OK"
2026-07-16 09:15:28,188 | INFO     | HTTP Request: POST http://127.0.0.1:11434/api/chat "HTTP/1.1 200 OK"
2026-07-16 09:15:28,189 | INFO     | 
================================================================================
2026-07-16 09:15:28,190 | INFO     | SEARCH QUERY
2026-07-16 09:15:28,190 | INFO     | ================================================================================
2026-07-16 09:15:28,191 | INFO     | Alarm Logger Manager application bar configuration figure number
2026-07-16 09:15:28,191 | INFO     | 
================================================================================
2026-07-16 09:15:28,192 | INFO     | QUESTION SPECIFIC RULES
2026-07-16 09:15:28,194 | INFO     | ================================================================================
2026-07-16 09:15:28,194 | INFO     | - Preserve the original numbering.
2026-07-16 09:15:28,194 | INFO     | - Return the complete procedure related to Alarm Logger Manager.
2026-07-16 09:15:28,195 | INFO     | -------
2026-07-16 09:15:28,197 | INFO     | ================================================================================
2026-07-16 09:15:28,197 | INFO     | SEARCH QUERY
2026-07-16 09:15:28,198 | INFO     | ================================================================================
2026-07-16 09:15:28,199 | INFO     | Alarm Logger Manager application bar configuration figure number
2026-07-16 09:15:28,199 | INFO     | **************
2026-07-16 09:15:28,200 | INFO     | ================================================================================
2026-07-16 09:15:28,202 | INFO     | QUESTION SPECIFIC RULES
2026-07-16 09:15:28,204 | INFO     | ================================================================================
2026-07-16 09:15:28,557 | INFO     | 
Connecting PostgreSQL...
2026-07-16 09:15:28,669 | INFO     | 
================================================================================
2026-07-16 09:15:28,670 | INFO     | TOP VECTOR SEARCH RESULTS
2026-07-16 09:15:28,671 | INFO     | ================================================================================
2026-07-16 09:15:28,671 | INFO     | 
Rank : 1
2026-07-16 09:15:28,672 | INFO     | Distance : 0.36571
2026-07-16 09:15:28,673 | INFO     | Source : ABB 800xA.pdf
2026-07-16 09:15:28,673 | INFO     | --------------------------------------------------------------------------------
2026-07-16 09:15:28,674 | INFO     | The Alarm Logger Manager is accessible via the Application Bar (if configured), see Figure 92. It is also possible to access it via a Hot Key, if this is configured for your Operator Workplace.
Figure 92. Alarm Logger Manager in the Application Bar
Image
All available printers will be shown in the A
2026-07-16 09:15:28,674 | INFO     | 
Rank : 2
2026-07-16 09:15:28,675 | INFO     | Distance : 0.36696
2026-07-16 09:15:28,675 | INFO     | Source : ABB 800xA.pdf
2026-07-16 09:15:28,676 | INFO     | --------------------------------------------------------------------------------
2026-07-16 09:15:28,677 | INFO     | The Application Bar (refer to Figure 4) occupies the area at the top of the Operator Workplace window. It is used for showing important information about your system.
The main use is to show the latest alarms, give easy access to the alarm situation for a process area as well as direct links to disp
2026-07-16 09:15:28,677 | INFO     | 
Rank : 3
2026-07-16 09:15:28,677 | INFO     | Distance : 0.43095
2026-07-16 09:15:28,678 | INFO     | Source : ABB 800xA.pdf
2026-07-16 09:15:28,678 | INFO     | --------------------------------------------------------------------------------
2026-07-16 09:15:28,679 | INFO     | This section describes the procedure to acknowledge alarms in a graphic aspect. In the System 800xA, alarms are acknowledged by using the alarm list or by using the Alarm Control button available in the faceplate. Alarms in a graphic aspect can also be acknowledged using a single command. The comman
2026-07-16 09:15:28,679 | INFO     | 
Rank : 4
2026-07-16 09:15:28,680 | INFO     | Distance : 0.43465
2026-07-16 09:15:28,680 | INFO     | Source : ABB 800xA.pdf
2026-07-16 09:15:28,680 | INFO     | --------------------------------------------------------------------------------
2026-07-16 09:15:28,681 | INFO     | AC 800M Status Monitoring Tool 100
Action Display 210
Alarm Analysis 84
Alarm Band 121
Alarm Grouping 93
alarm priority 88
Alarm Response Navigation 97
Alarm Shelving 109
Alarm status
in Display elements 319
Alarm symbols 319
Application Bar 22
Approval 37
Approval Dialog 37
Aspect Object 16
Asset c
2026-07-16 09:15:28,681 | INFO     | 
Rank : 5
2026-07-16 09:15:28,682 | INFO     | Distance : 0.43639
2026-07-16 09:15:28,683 | INFO     | Source : ABB 800xA.pdf
2026-07-16 09:15:28,683 | INFO     | --------------------------------------------------------------------------------
2026-07-16 09:15:28,684 | INFO     | Process Alarms, = ..............................................................................................................103. Process Alarm List, = .............................................................................................103. Alarm Band.....................................
2026-07-16 09:15:38,990 | INFO     | 
================================================================================
2026-07-16 09:15:38,991 | INFO     | TOP RERANKED CHUNKS
2026-07-16 09:15:38,991 | INFO     | ================================================================================
2026-07-16 09:15:38,992 | INFO     | 
Rank : 1
2026-07-16 09:15:38,992 | INFO     | Distance : 0.36571
2026-07-16 09:15:38,992 | INFO     | Reranker : 0.98873
2026-07-16 09:15:38,993 | INFO     | Source : ABB 800xA.pdf
2026-07-16 09:15:38,993 | INFO     | --------------------------------------------------------------------------------
2026-07-16 09:15:38,996 | INFO     | The Alarm Logger Manager is accessible via the Application Bar (if configured), see Figure 92. It is also possible to access it via a Hot Key, if this is configured for your Operator Workplace.
Figure 92. Alarm Logger Manager in the Application Bar
Image
All available printers will be shown in the Alarm Logger Manager dialog. See Figure 93.
Figure 93. Alarm Logger Manager
Image
The Alarm Logger Manager toolbar has the following tools (also available from the context menu):
- -Enable Printing - E
2026-07-16 09:15:38,996 | INFO     | 
Rank : 2
2026-07-16 09:15:38,997 | INFO     | Distance : 0.36696
2026-07-16 09:15:38,997 | INFO     | Reranker : 0.84574
2026-07-16 09:15:38,998 | INFO     | Source : ABB 800xA.pdf
2026-07-16 09:15:38,999 | INFO     | --------------------------------------------------------------------------------
2026-07-16 09:15:38,999 | INFO     | The Application Bar (refer to Figure 4) occupies the area at the top of the Operator Workplace window. It is used for showing important information about your system.
The main use is to show the latest alarms, give easy access to the alarm situation for a process area as well as direct links to displays or other aspects and tools.
Note that in Operator Mode it is not possible to cover the Application Bar with other displays that is the Application Bar is a Safe Area.
The different parts of the A
2026-07-16 09:15:39,000 | INFO     | 
Rank : 3
2026-07-16 09:15:39,001 | INFO     | Distance : 0.43639
2026-07-16 09:15:39,002 | INFO     | Reranker : 0.75616
2026-07-16 09:15:39,002 | INFO     | Source : ABB 800xA.pdf
2026-07-16 09:15:39,003 | INFO     | --------------------------------------------------------------------------------
2026-07-16 09:15:39,004 | INFO     | Process Alarms, = ..............................................................................................................103. Process Alarm List, = .............................................................................................103. Alarm Band........................................................................................................121, = . Alarm Sequence Bar, = ..........................................................................................123. Alarm L
2026-07-16 09:15:39,005 | INFO     | 
================================================================================
2026-07-16 09:15:39,005 | INFO     | 
================================================================================
2026-07-16 09:15:39,006 | INFO     | RULES
2026-07-16 09:15:39,006 | INFO     | ================================================================================
2026-07-16 09:15:39,006 | INFO     | 1. Use ONLY the supplied context.
2026-07-16 09:15:39,007 | INFO     | 2. Do NOT use outside knowledge.
2026-07-16 09:15:39,007 | INFO     | 3. Return only the requested information.
2026-07-16 09:15:39,008 | INFO     | 4. Do not explain unless requested.
2026-07-16 09:15:39,009 | INFO     | 5. Do not summarize unless requested.
2026-07-16 09:15:39,009 | INFO     | 6. If the answer appears explicitly in the context, return it exactly.If the context partially answers the question, return the available information.Only reply 'Data is not available.' when no relevant information exists.
2026-07-16 09:15:39,010 | INFO     | 7. Preserve the original numbering.
2026-07-16 09:15:39,011 | INFO     | 8. Return the complete procedure related to Alarm Logger Manager.
2026-07-16 09:15:39,012 | INFO     | prompt:= 
You are a RAG assistant.

Answer ONLY from the supplied context.

Context:
The Alarm Logger Manager is accessible via the Application Bar (if configured), see Figure 92. It is also possible to access it via a Hot Key, if this is configured for your Operator Workplace.
Figure 92. Alarm Logger Manager in the Application Bar
Image
All available printers will be shown in the Alarm Logger Manager dialog. See Figure 93.
Figure 93. Alarm Logger Manager
Image
The Alarm Logger Manager toolbar has the following tools (also available from the context menu):
- -Enable Printing - Enables the alarm logger function.
- -Disable Printing - Disables the alarm logger function.
- -Clear Jobs - The buffered jobs in queue are cleared.
- -Force Print - The buffered jobs in queue are printed.

The Alarm Logger Manager is accessible via the Application Bar (if configured), see Figure 92. It is also possible to access it via a Hot Key, if this is configured for your Operator Workplace.
Figure 92. Alarm Logger Manager in the Application Bar
Image
All available printers will be shown in the Alarm Logger Manager dialog. See Figure 93.
Figure 93. Alarm Logger Manager
Image
The Alarm Logger Manager toolbar has the following tools (also available from the context menu):
- -Enable Printing - Enables the alarm logger function.
- -Disable Printing - Disables the alarm logger function.
- -Clear Jobs - The buffered jobs in queue are cleared.
- -Force Print - The buffered jobs in queue are printed.

Alarm Logger Manager

Headings: Alarm Logger Manager

[OCR_IMAGE_TEXT:img_00171]
No text found

[OCR_IMAGE_TEXT:img_00172]
AlarmLogger:AlarmLoggerManager
Alarm Logger:Alarm Logger Manager
Basic/AlarmLogger_Basic_UsToo3
Description: Enabled, Master
Printer: myFinePrint
Numberof jobsinqueue:0
Last printoutat: -
Basic/AlarmLogger_Basic_USTo05
Description: Enabled
Printer: IBM Infoprint 1352
Numberofjobsinqueue:o
Last printout at: -
Main/ControllRoom3
Description: Service not configured, Master
Printer: -
Number of jobs in queue: -
Last printout at: -

The Application Bar (refer to Figure 4) occupies the area at the top of the Operator Workplace window. It is used for showing important information about your system.
The main use is to show the latest alarms, give easy access to the alarm situation for a process area as well as direct links to displays or other aspects and tools.
Note that in Operator Mode it is not possible to cover the Application Bar with other displays that is the Application Bar is a Safe Area.
The different parts of the Application Bar are described below.
Figure 4. Application Bar
Image

The Application Bar (refer to Figure 4) occupies the area at the top of the Operator Workplace window. It is used for showing important information about your system.
The main use is to show the latest alarms, give easy access to the alarm situation for a process area as well as direct links to displays or other aspects and tools.
Note that in Operator Mode it is not possible to cover the Application Bar with other displays that is the Application Bar is a Safe Area.
The different parts of the Application Bar are described below.
Figure 4. Application Bar
Image

Application Bar

Headings: Application Bar

[OCR_IMAGE_TEXT:img_00013]
Alarm Band
AlarmLine
System Alarm Band
Process
RTN
28 13:56:34:462
AM2
Inoperative
Service Provider in Operational State
alume
System
RTN
28 13:54:37:696
Service Provider in Operational State
33
33
RTN
Basic
28 13:54:37:696
Inoper ative
Service in Operation
5/2/200610:37
Operator Workplace
Replace
Operator Workplace:Startup Display

Process Alarms, = ..............................................................................................................103. Process Alarm List, = .............................................................................................103. Alarm Band........................................................................................................121, = . Alarm Sequence Bar, = ..........................................................................................123. Alarm Logger Manager......................................................................................124, = . System Alarms...............................................................................................................125, = . System Alarm List..............................................................................................126, = . Process Events, = ...............................................................................................................128. Process Event List, = ..............................................................................................128. System, = Events................................................................................................................134. System Event List...............................................................................................134, = . Section 7 - Trends, = . Accessing Trend Display...............................................................................................137, = . Print Trend Views...............................................................................................137, = . Trend Display Layout....................................................................................................138, = . Trend Area..........................................................................................................141, = . Trend Tool Bar, = ...................................................................................................142. Top Tool Bar.......................................................................................................148, = . Bottom Tool, = Bar.................................................................................................150. Item Area, = ...........................................................................................................152. Trend Table.........................................................................................................153, = . Context, = Menu................................................................................................................159. Trend Table Context, = Menu.................................................................................160. Item Area Context Menu....................................................................................161, = . Trend Area Context Menu..................................................................................162, = . Rulers, = ............................................................................................................................162. Vertical Ruler, = .....................................................................................................163. Vertical Size Ruler..............................................................................................164, = . Horizontal Ruler.................................................................................................165, = . Horizontal Size, = Ruler.........................................................................................166. Area Size Ruler, = ..................................................................................................167

Process Alarms, = ..............................................................................................................103. Process Alarm List, = .............................................................................................103. Alarm Band........................................................................................................121, = . Alarm Sequence Bar, = ..........................................................................................123. Alarm Logger Manager......................................................................................124, = . System Alarms...............................................................................................................125, = . System Alarm List..............................................................................................126, = . Process Events, = ...............................................................................................................128. Process Event List, = ..............................................................................................128. System, = Events................................................................................................................134. System Event List...............................................................................................134, = . Section 7 - Trends, = . Accessing Trend Display...............................................................................................137, = . Print Trend Views...............................................................................................137, = . Trend Display Layout....................................................................................................138, = . Trend Area..........................................................................................................141, = . Trend Tool Bar, = ...................................................................................................142. Top Tool Bar.......................................................................................................148, = . Bottom Tool, = Bar.................................................................................................150. Item Area, = ...........................................................................................................152. Trend Table.........................................................................................................153, = . Context, = Menu................................................................................................................159. Trend Table Context, = Menu.................................................................................160. Item Area Context Menu....................................................................................161, = . Trend Area Context Menu..................................................................................162, = . Rulers, = ............................................................................................................................162. Vertical Ruler, = .....................................................................................................163. Vertical Size Ruler..............................................................................................164, = . Horizontal Ruler.................................................................................................165, = . Horizontal Size, = Ruler.........................................................................................166. Area Size Ruler, = ..................................................................................................167

Table of Contents

Headings: Table of Contents

Question:

if my application bar is configure so in which figure number i can see in Alarm Logger Manager?


Rules:
1. Use ONLY the supplied context.
2. Do NOT use outside knowledge.
3. Return only the requested information.
4. Do not explain unless requested.
5. Do not summarize unless requested.
6. If the answer appears explicitly in the context, return it exactly.If the context partially answers the question, return the available information.Only reply 'Data is not available.' when no relevant information exists.
7. Preserve the original numbering.
8. Return the complete procedure related to Alarm Logger Manager.


Answer:

2026-07-16 09:15:39,013 | INFO     | 
Generating Answer...

2026-07-16 09:15:43,810 | INFO     | HTTP Request: POST http://127.0.0.1:11434/api/chat "HTTP/1.1 200 OK"
2026-07-16 09:15:43,812 | INFO     | ================================================================================
2026-07-16 09:15:43,817 | INFO     | FINAL ANSWER
2026-07-16 09:15:43,821 | INFO     | ================================================================================
2026-07-16 09:15:43,825 | INFO     | According to the provided context, if your Application Bar is configured so that you can access the Alarm Logger Manager.

You can see it in Figure 92.

Additionally, The Alarm Logger Manager toolbar has the following tools (also available from the context menu):
- Enable Printing - Enables the alarm logger function.
- Disable Printing - Disables the alarm logger function.
- Clear Jobs - The buffered jobs in queue are cleared.
- Force Print - The buffered jobs in queue are printed.
2026-07-16 09:15:43,828 | INFO     | 
================================================================================
2026-07-16 09:15:43,828 | INFO     | RETRIEVAL STATISTICS
2026-07-16 09:15:43,829 | INFO     | ================================================================================
2026-07-16 09:15:43,829 | INFO     | Vector Search Top-K : 5
2026-07-16 09:15:43,829 | INFO     | Reranker Top-K      : 3
2026-07-16 09:15:43,830 | INFO     | Context Chunks      : 3
2026-07-16 09:15:43,830 | INFO     | Prompt Characters   : 11735
2026-07-16 09:15:43,830 | INFO     | ================================================================================
2026-07-16 09:15:43,832 | INFO     |  Answer:- According to the provided context, if your Application Bar is configured so that you can access the Alarm Logger Manager.

You can see it in Figure 92.

Additionally, The Alarm Logger Manager toolbar has the following tools (also available from the context menu):
- Enable Printing - Enables the alarm logger function.
- Disable Printing - Disables the alarm logger function.
- Clear Jobs - The buffered jobs in queue are cleared.
- Force Print - The buffered jobs in queue are printed.
2026-07-16 09:30:06,674 | INFO     | No device provided, using cpu
2026-07-16 09:30:07,176 | INFO     | HTTP Request: HEAD https://huggingface.co/BAAI/bge-m3/resolve/main/modules.json "HTTP/1.1 307 Temporary Redirect"
2026-07-16 09:30:07,191 | INFO     | HTTP Request: HEAD https://huggingface.co/api/resolve-cache/models/BAAI/bge-m3/5617a9f61b028005a4858fdac845db406aefb181/modules.json "HTTP/1.1 200 OK"
2026-07-16 09:30:07,405 | INFO     | HTTP Request: HEAD https://huggingface.co/BAAI/bge-m3/resolve/main/config_sentence_transformers.json "HTTP/1.1 307 Temporary Redirect"
2026-07-16 09:30:07,416 | INFO     | HTTP Request: HEAD https://huggingface.co/api/resolve-cache/models/BAAI/bge-m3/5617a9f61b028005a4858fdac845db406aefb181/config_sentence_transformers.json "HTTP/1.1 200 OK"
2026-07-16 09:30:07,417 | INFO     | Loading SentenceTransformer model from BAAI/bge-m3.
2026-07-16 09:30:08,491 | INFO     | HTTP Request: HEAD https://huggingface.co/BAAI/bge-m3/resolve/main/config_sentence_transformers.json "HTTP/1.1 307 Temporary Redirect"
2026-07-16 09:30:08,504 | INFO     | HTTP Request: HEAD https://huggingface.co/api/resolve-cache/models/BAAI/bge-m3/5617a9f61b028005a4858fdac845db406aefb181/config_sentence_transformers.json "HTTP/1.1 200 OK"
2026-07-16 09:30:08,716 | INFO     | HTTP Request: HEAD https://huggingface.co/BAAI/bge-m3/resolve/main/README.md "HTTP/1.1 307 Temporary Redirect"
2026-07-16 09:30:08,729 | INFO     | HTTP Request: HEAD https://huggingface.co/api/resolve-cache/models/BAAI/bge-m3/5617a9f61b028005a4858fdac845db406aefb181/README.md "HTTP/1.1 200 OK"
2026-07-16 09:30:09,224 | INFO     | HTTP Request: HEAD https://huggingface.co/BAAI/bge-m3/resolve/main/modules.json "HTTP/1.1 307 Temporary Redirect"
2026-07-16 09:30:09,236 | INFO     | HTTP Request: HEAD https://huggingface.co/api/resolve-cache/models/BAAI/bge-m3/5617a9f61b028005a4858fdac845db406aefb181/modules.json "HTTP/1.1 200 OK"
2026-07-16 09:30:09,531 | INFO     | HTTP Request: HEAD https://huggingface.co/BAAI/bge-m3/resolve/main/sentence_bert_config.json "HTTP/1.1 307 Temporary Redirect"
2026-07-16 09:30:09,547 | INFO     | HTTP Request: HEAD https://huggingface.co/api/resolve-cache/models/BAAI/bge-m3/5617a9f61b028005a4858fdac845db406aefb181/sentence_bert_config.json "HTTP/1.1 200 OK"
2026-07-16 09:30:09,837 | INFO     | HTTP Request: HEAD https://huggingface.co/BAAI/bge-m3/resolve/main/adapter_config.json "HTTP/1.1 404 Not Found"
2026-07-16 09:30:10,350 | INFO     | HTTP Request: HEAD https://huggingface.co/BAAI/bge-m3/resolve/main/config.json "HTTP/1.1 307 Temporary Redirect"
2026-07-16 09:30:10,363 | INFO     | HTTP Request: HEAD https://huggingface.co/api/resolve-cache/models/BAAI/bge-m3/5617a9f61b028005a4858fdac845db406aefb181/config.json "HTTP/1.1 200 OK"
2026-07-16 09:30:10,662 | INFO     | HTTP Request: HEAD https://huggingface.co/BAAI/bge-m3/resolve/main/model.safetensors "HTTP/1.1 404 Not Found"
2026-07-16 09:30:11,093 | INFO     | HTTP Request: GET https://huggingface.co/api/models/BAAI/bge-m3 "HTTP/1.1 200 OK"
2026-07-16 09:30:11,534 | INFO     | HTTP Request: GET https://huggingface.co/api/models/BAAI/bge-m3/commits/main "HTTP/1.1 200 OK"
2026-07-16 09:30:11,885 | INFO     | HTTP Request: GET https://huggingface.co/api/models/BAAI/bge-m3/discussions?p=0 "HTTP/1.1 200 OK"
2026-07-16 09:30:11,885 | INFO     | HTTP Request: HEAD https://huggingface.co/BAAI/bge-m3/resolve/main/processor_config.json "HTTP/1.1 404 Not Found"
2026-07-16 09:30:12,192 | INFO     | HTTP Request: GET https://huggingface.co/api/models/BAAI/bge-m3/commits/refs%2Fpr%2F130 "HTTP/1.1 200 OK"
2026-07-16 09:30:12,193 | INFO     | HTTP Request: HEAD https://huggingface.co/BAAI/bge-m3/resolve/main/preprocessor_config.json "HTTP/1.1 404 Not Found"
2026-07-16 09:30:12,608 | INFO     | HTTP Request: HEAD https://huggingface.co/BAAI/bge-m3/resolve/refs%2Fpr%2F130/model.safetensors.index.json "HTTP/1.1 404 Not Found"
2026-07-16 09:30:12,608 | INFO     | HTTP Request: HEAD https://huggingface.co/BAAI/bge-m3/resolve/main/video_preprocessor_config.json "HTTP/1.1 404 Not Found"
2026-07-16 09:30:12,912 | INFO     | HTTP Request: HEAD https://huggingface.co/BAAI/bge-m3/resolve/refs%2Fpr%2F130/model.safetensors "HTTP/1.1 302 Found"
2026-07-16 09:30:12,915 | INFO     | HTTP Request: HEAD https://huggingface.co/BAAI/bge-m3/resolve/main/preprocessor_config.json "HTTP/1.1 404 Not Found"
2026-07-16 09:30:13,218 | INFO     | HTTP Request: HEAD https://huggingface.co/BAAI/bge-m3/resolve/main/tokenizer_config.json "HTTP/1.1 307 Temporary Redirect"
2026-07-16 09:30:13,231 | INFO     | HTTP Request: HEAD https://huggingface.co/api/resolve-cache/models/BAAI/bge-m3/5617a9f61b028005a4858fdac845db406aefb181/tokenizer_config.json "HTTP/1.1 200 OK"
2026-07-16 09:30:13,536 | INFO     | HTTP Request: HEAD https://huggingface.co/BAAI/bge-m3/resolve/main/config.json "HTTP/1.1 307 Temporary Redirect"
2026-07-16 09:30:13,729 | INFO     | HTTP Request: HEAD https://huggingface.co/api/resolve-cache/models/BAAI/bge-m3/5617a9f61b028005a4858fdac845db406aefb181/config.json "HTTP/1.1 200 OK"
2026-07-16 09:30:14,036 | INFO     | HTTP Request: HEAD https://huggingface.co/BAAI/bge-m3/resolve/main/config.json "HTTP/1.1 307 Temporary Redirect"
2026-07-16 09:30:14,048 | INFO     | HTTP Request: HEAD https://huggingface.co/api/resolve-cache/models/BAAI/bge-m3/5617a9f61b028005a4858fdac845db406aefb181/config.json "HTTP/1.1 200 OK"
2026-07-16 09:30:14,554 | INFO     | HTTP Request: HEAD https://huggingface.co/BAAI/bge-m3/resolve/main/tokenizer_config.json "HTTP/1.1 307 Temporary Redirect"
2026-07-16 09:30:14,566 | INFO     | HTTP Request: HEAD https://huggingface.co/api/resolve-cache/models/BAAI/bge-m3/5617a9f61b028005a4858fdac845db406aefb181/tokenizer_config.json "HTTP/1.1 200 OK"
2026-07-16 09:30:14,954 | INFO     | HTTP Request: GET https://huggingface.co/api/models/BAAI/bge-m3/tree/main/additional_chat_templates?recursive=false&expand=false "HTTP/1.1 404 Not Found"
2026-07-16 09:30:15,267 | INFO     | HTTP Request: GET https://huggingface.co/api/models/BAAI/bge-m3/tree/main?recursive=true&expand=false "HTTP/1.1 200 OK"
2026-07-16 09:30:16,903 | INFO     | HTTP Request: GET https://huggingface.co/api/models/BAAI/bge-m3 "HTTP/1.1 200 OK"
2026-07-16 09:30:17,210 | INFO     | HTTP Request: HEAD https://huggingface.co/BAAI/bge-m3/resolve/main/1_Pooling/config.json "HTTP/1.1 307 Temporary Redirect"
2026-07-16 09:30:17,222 | INFO     | HTTP Request: HEAD https://huggingface.co/api/resolve-cache/models/BAAI/bge-m3/5617a9f61b028005a4858fdac845db406aefb181/1_Pooling%2Fconfig.json "HTTP/1.1 200 OK"
2026-07-16 09:30:17,621 | INFO     | HTTP Request: GET https://huggingface.co/api/models/BAAI/bge-m3 "HTTP/1.1 200 OK"
2026-07-16 09:30:17,626 | INFO     | No device provided, using cpu
2026-07-16 09:30:17,927 | INFO     | HTTP Request: HEAD https://huggingface.co/BAAI/bge-reranker-v2-m3/resolve/main/modules.json "HTTP/1.1 404 Not Found"
2026-07-16 09:30:17,930 | INFO     | No modules.json found for BAAI/bge-reranker-v2-m3, initializing a new CrossEncoder model.
2026-07-16 09:30:18,233 | INFO     | HTTP Request: GET https://huggingface.co/api/models/BAAI/bge-reranker-v2-m3 "HTTP/1.1 200 OK"
2026-07-16 09:30:18,653 | INFO     | HTTP Request: HEAD https://huggingface.co/BAAI/bge-reranker-v2-m3/resolve/main/config.json "HTTP/1.1 307 Temporary Redirect"
2026-07-16 09:30:18,665 | INFO     | HTTP Request: HEAD https://huggingface.co/api/resolve-cache/models/BAAI/bge-reranker-v2-m3/953dc6f6f85a1b2dbfca4c34a2796e7dde08d41e/config.json "HTTP/1.1 200 OK"
2026-07-16 09:30:18,953 | INFO     | HTTP Request: HEAD https://huggingface.co/BAAI/bge-reranker-v2-m3/resolve/main/adapter_config.json "HTTP/1.1 404 Not Found"
2026-07-16 09:30:19,259 | INFO     | HTTP Request: HEAD https://huggingface.co/BAAI/bge-reranker-v2-m3/resolve/main/config.json "HTTP/1.1 307 Temporary Redirect"
2026-07-16 09:30:19,268 | INFO     | HTTP Request: HEAD https://huggingface.co/api/resolve-cache/models/BAAI/bge-reranker-v2-m3/953dc6f6f85a1b2dbfca4c34a2796e7dde08d41e/config.json "HTTP/1.1 200 OK"
2026-07-16 09:30:19,667 | INFO     | HTTP Request: HEAD https://huggingface.co/BAAI/bge-reranker-v2-m3/resolve/main/processor_config.json "HTTP/1.1 404 Not Found"
2026-07-16 09:30:19,974 | INFO     | HTTP Request: HEAD https://huggingface.co/BAAI/bge-reranker-v2-m3/resolve/main/preprocessor_config.json "HTTP/1.1 404 Not Found"
2026-07-16 09:30:20,192 | INFO     | HTTP Request: HEAD https://huggingface.co/BAAI/bge-reranker-v2-m3/resolve/main/video_preprocessor_config.json "HTTP/1.1 404 Not Found"
2026-07-16 09:30:20,420 | INFO     | HTTP Request: HEAD https://huggingface.co/BAAI/bge-reranker-v2-m3/resolve/main/preprocessor_config.json "HTTP/1.1 404 Not Found"
2026-07-16 09:30:20,693 | INFO     | HTTP Request: HEAD https://huggingface.co/BAAI/bge-reranker-v2-m3/resolve/main/tokenizer_config.json "HTTP/1.1 307 Temporary Redirect"
2026-07-16 09:30:20,709 | INFO     | HTTP Request: HEAD https://huggingface.co/api/resolve-cache/models/BAAI/bge-reranker-v2-m3/953dc6f6f85a1b2dbfca4c34a2796e7dde08d41e/tokenizer_config.json "HTTP/1.1 200 OK"
2026-07-16 09:30:21,077 | INFO     | HTTP Request: HEAD https://huggingface.co/BAAI/bge-reranker-v2-m3/resolve/main/config.json "HTTP/1.1 307 Temporary Redirect"
2026-07-16 09:30:21,090 | INFO     | HTTP Request: HEAD https://huggingface.co/api/resolve-cache/models/BAAI/bge-reranker-v2-m3/953dc6f6f85a1b2dbfca4c34a2796e7dde08d41e/config.json "HTTP/1.1 200 OK"
2026-07-16 09:30:21,409 | INFO     | HTTP Request: HEAD https://huggingface.co/BAAI/bge-reranker-v2-m3/resolve/main/config.json "HTTP/1.1 307 Temporary Redirect"
2026-07-16 09:30:21,422 | INFO     | HTTP Request: HEAD https://huggingface.co/api/resolve-cache/models/BAAI/bge-reranker-v2-m3/953dc6f6f85a1b2dbfca4c34a2796e7dde08d41e/config.json "HTTP/1.1 200 OK"
2026-07-16 09:30:21,715 | INFO     | HTTP Request: HEAD https://huggingface.co/BAAI/bge-reranker-v2-m3/resolve/main/tokenizer_config.json "HTTP/1.1 307 Temporary Redirect"
2026-07-16 09:30:21,727 | INFO     | HTTP Request: HEAD https://huggingface.co/api/resolve-cache/models/BAAI/bge-reranker-v2-m3/953dc6f6f85a1b2dbfca4c34a2796e7dde08d41e/tokenizer_config.json "HTTP/1.1 200 OK"
2026-07-16 09:30:22,023 | INFO     | HTTP Request: GET https://huggingface.co/api/models/BAAI/bge-reranker-v2-m3/tree/main/additional_chat_templates?recursive=false&expand=false "HTTP/1.1 404 Not Found"
2026-07-16 09:30:22,433 | INFO     | HTTP Request: GET https://huggingface.co/api/models/BAAI/bge-reranker-v2-m3/tree/main?recursive=true&expand=false "HTTP/1.1 200 OK"
2026-07-16 09:30:23,866 | INFO     | HTTP Request: GET https://huggingface.co/api/models/BAAI/bge-reranker-v2-m3 "HTTP/1.1 200 OK"
2026-07-16 09:30:43,969 | INFO     | HTTP Request: POST http://127.0.0.1:11434/api/chat "HTTP/1.1 200 OK"
2026-07-16 09:30:43,970 | INFO     | 
================================================================================
2026-07-16 09:30:43,970 | INFO     | SEARCH QUERY
2026-07-16 09:30:43,971 | INFO     | ================================================================================
2026-07-16 09:30:43,971 | INFO     | Alarm Logger Manager, application bar configuration figure number
2026-07-16 09:30:43,971 | INFO     | 
================================================================================
2026-07-16 09:30:43,972 | INFO     | QUESTION SPECIFIC RULES
2026-07-16 09:30:43,972 | INFO     | ================================================================================
2026-07-16 09:30:43,973 | INFO     | - Preserve the original numbering.
2026-07-16 09:30:43,973 | INFO     | - Return the complete procedure related to Alarm Logger Manager.
2026-07-16 09:30:43,973 | INFO     | -------
2026-07-16 09:30:43,974 | INFO     | ================================================================================
2026-07-16 09:30:43,974 | INFO     | SEARCH QUERY
2026-07-16 09:30:43,974 | INFO     | ================================================================================
2026-07-16 09:30:43,975 | INFO     | Alarm Logger Manager, application bar configuration figure number
2026-07-16 09:30:43,975 | INFO     | **************
2026-07-16 09:30:43,975 | INFO     | ================================================================================
2026-07-16 09:30:43,976 | INFO     | QUESTION SPECIFIC RULES
2026-07-16 09:30:43,976 | INFO     | ================================================================================
2026-07-16 09:30:44,174 | INFO     | 
Connecting PostgreSQL...
2026-07-16 09:30:44,337 | INFO     | 
================================================================================
2026-07-16 09:30:44,338 | INFO     | TOP VECTOR SEARCH RESULTS
2026-07-16 09:30:44,338 | INFO     | ================================================================================
2026-07-16 09:30:44,339 | INFO     | 
Rank : 1
2026-07-16 09:30:44,339 | INFO     | Distance : 0.35678
2026-07-16 09:30:44,340 | INFO     | Source : ABB 800xA.pdf
2026-07-16 09:30:44,340 | INFO     | --------------------------------------------------------------------------------
2026-07-16 09:30:44,341 | INFO     | The Alarm Logger Manager is accessible via the Application Bar (if configured), see Figure 92. It is also possible to access it via a Hot Key, if this is configured for your Operator Workplace.
Figure 92. Alarm Logger Manager in the Application Bar
Image
All available printers will be shown in the A
2026-07-16 09:30:44,341 | INFO     | 
Rank : 2
2026-07-16 09:30:44,342 | INFO     | Distance : 0.35681
2026-07-16 09:30:44,342 | INFO     | Source : ABB 800xA.pdf
2026-07-16 09:30:44,343 | INFO     | --------------------------------------------------------------------------------
2026-07-16 09:30:44,343 | INFO     | The Application Bar (refer to Figure 4) occupies the area at the top of the Operator Workplace window. It is used for showing important information about your system.
The main use is to show the latest alarms, give easy access to the alarm situation for a process area as well as direct links to disp
2026-07-16 09:30:44,344 | INFO     | 
Rank : 3
2026-07-16 09:30:44,344 | INFO     | Distance : 0.41864
2026-07-16 09:30:44,345 | INFO     | Source : ABB 800xA.pdf
2026-07-16 09:30:44,346 | INFO     | --------------------------------------------------------------------------------
2026-07-16 09:30:44,346 | INFO     | The Alarm Analysis object includes the Log Configuration aspect that helps archive the numerical Alarm Analysis properties for later reference. The History Source aspect is not included in the Alarm Analysis object. For information about configuring the History Source aspect, refer to System 800xA, 
2026-07-16 09:30:44,347 | INFO     | 
Rank : 4
2026-07-16 09:30:44,348 | INFO     | Distance : 0.41899
2026-07-16 09:30:44,348 | INFO     | Source : ABB 800xA.pdf
2026-07-16 09:30:44,349 | INFO     | --------------------------------------------------------------------------------
2026-07-16 09:30:44,350 | INFO     | Navigate to the configured Alarm Analysis object to view the alarm analysis reports. For more information on configuring this object, refer to System 800xA, Configuration (3BDS011222*) .
The Alarm Analysis aspect generates the reports using the configured KPIs. These reports are displayed in Graphic
2026-07-16 09:30:44,350 | INFO     | 
Rank : 5
2026-07-16 09:30:44,351 | INFO     | Distance : 0.41985
2026-07-16 09:30:44,351 | INFO     | Source : ABB 800xA.pdf
2026-07-16 09:30:44,352 | INFO     | --------------------------------------------------------------------------------
2026-07-16 09:30:44,352 | INFO     | This section describes the procedure to acknowledge alarms in a graphic aspect. In the System 800xA, alarms are acknowledged by using the alarm list or by using the Alarm Control button available in the faceplate. Alarms in a graphic aspect can also be acknowledged using a single command. The comman
2026-07-16 09:31:02,407 | INFO     | 
================================================================================
2026-07-16 09:31:02,408 | INFO     | TOP RERANKED CHUNKS
2026-07-16 09:31:02,409 | INFO     | ================================================================================
2026-07-16 09:31:02,409 | INFO     | 
Rank : 1
2026-07-16 09:31:02,410 | INFO     | Distance : 0.35678
2026-07-16 09:31:02,411 | INFO     | Reranker : 0.98860
2026-07-16 09:31:02,412 | INFO     | Source : ABB 800xA.pdf
2026-07-16 09:31:02,413 | INFO     | --------------------------------------------------------------------------------
2026-07-16 09:31:02,414 | INFO     | The Alarm Logger Manager is accessible via the Application Bar (if configured), see Figure 92. It is also possible to access it via a Hot Key, if this is configured for your Operator Workplace.
Figure 92. Alarm Logger Manager in the Application Bar
Image
All available printers will be shown in the Alarm Logger Manager dialog. See Figure 93.
Figure 93. Alarm Logger Manager
Image
The Alarm Logger Manager toolbar has the following tools (also available from the context menu):
- -Enable Printing - E
2026-07-16 09:31:02,415 | INFO     | 
Rank : 2
2026-07-16 09:31:02,415 | INFO     | Distance : 0.35681
2026-07-16 09:31:02,416 | INFO     | Reranker : 0.78918
2026-07-16 09:31:02,416 | INFO     | Source : ABB 800xA.pdf
2026-07-16 09:31:02,417 | INFO     | --------------------------------------------------------------------------------
2026-07-16 09:31:02,417 | INFO     | The Application Bar (refer to Figure 4) occupies the area at the top of the Operator Workplace window. It is used for showing important information about your system.
The main use is to show the latest alarms, give easy access to the alarm situation for a process area as well as direct links to displays or other aspects and tools.
Note that in Operator Mode it is not possible to cover the Application Bar with other displays that is the Application Bar is a Safe Area.
The different parts of the A
2026-07-16 09:31:02,418 | INFO     | 
Rank : 3
2026-07-16 09:31:02,419 | INFO     | Distance : 0.41985
2026-07-16 09:31:02,420 | INFO     | Reranker : 0.17684
2026-07-16 09:31:02,420 | INFO     | Source : ABB 800xA.pdf
2026-07-16 09:31:02,420 | INFO     | --------------------------------------------------------------------------------
2026-07-16 09:31:02,421 | INFO     | This section describes the procedure to acknowledge alarms in a graphic aspect. In the System 800xA, alarms are acknowledged by using the alarm list or by using the Alarm Control button available in the faceplate. Alarms in a graphic aspect can also be acknowledged using a single command. The command acknowledges alarms for all visible objects in the graphic aspect. Any alarms for the objects through which faceplates can be opened, are acknowledged.
Image
If a graphic display contains only primi
2026-07-16 09:31:02,421 | INFO     | 
================================================================================
2026-07-16 09:31:02,422 | INFO     | 
================================================================================
2026-07-16 09:31:02,423 | INFO     | RULES
2026-07-16 09:31:02,424 | INFO     | ================================================================================
2026-07-16 09:31:02,425 | INFO     | 1. Higher-ranked chunks are more reliable than lower-ranked chunks.Start searching for the answer from Rank 1.If multiple chunks contain the same information, prefer the highest-ranked one. Only move to Rank 2, Rank 3, etc., if the higher-ranked chunk does not contain the answer.Use ONLY the supplied context.
2026-07-16 09:31:02,425 | INFO     | 2. Do NOT use outside knowledge.
2026-07-16 09:31:02,426 | INFO     | 3. Return only the requested information.
2026-07-16 09:31:02,426 | INFO     | 4. Do not explain unless requested.
2026-07-16 09:31:02,426 | INFO     | 5. Do not summarize unless requested.
2026-07-16 09:31:02,427 | INFO     | 6. If the answer appears explicitly in the context, return it exactly.If the context partially answers the question, return the available information.Only reply 'Data is not available.' when no relevant information exists.
2026-07-16 09:31:02,427 | INFO     | 7. Preserve the original numbering.
2026-07-16 09:31:02,428 | INFO     | 8. Return the complete procedure related to Alarm Logger Manager.
2026-07-16 09:31:02,428 | INFO     | prompt:= 
You are a RAG assistant.

Answer ONLY from the supplied context.

Context:
The Alarm Logger Manager is accessible via the Application Bar (if configured), see Figure 92. It is also possible to access it via a Hot Key, if this is configured for your Operator Workplace.
Figure 92. Alarm Logger Manager in the Application Bar
Image
All available printers will be shown in the Alarm Logger Manager dialog. See Figure 93.
Figure 93. Alarm Logger Manager
Image
The Alarm Logger Manager toolbar has the following tools (also available from the context menu):
- -Enable Printing - Enables the alarm logger function.
- -Disable Printing - Disables the alarm logger function.
- -Clear Jobs - The buffered jobs in queue are cleared.
- -Force Print - The buffered jobs in queue are printed.

The Alarm Logger Manager is accessible via the Application Bar (if configured), see Figure 92. It is also possible to access it via a Hot Key, if this is configured for your Operator Workplace.
Figure 92. Alarm Logger Manager in the Application Bar
Image
All available printers will be shown in the Alarm Logger Manager dialog. See Figure 93.
Figure 93. Alarm Logger Manager
Image
The Alarm Logger Manager toolbar has the following tools (also available from the context menu):
- -Enable Printing - Enables the alarm logger function.
- -Disable Printing - Disables the alarm logger function.
- -Clear Jobs - The buffered jobs in queue are cleared.
- -Force Print - The buffered jobs in queue are printed.

Alarm Logger Manager

Headings: Alarm Logger Manager

[OCR_IMAGE_TEXT:img_00171]
No text found

[OCR_IMAGE_TEXT:img_00172]
AlarmLogger:AlarmLoggerManager
Alarm Logger:Alarm Logger Manager
Basic/AlarmLogger_Basic_UsToo3
Description: Enabled, Master
Printer: myFinePrint
Numberof jobsinqueue:0
Last printoutat: -
Basic/AlarmLogger_Basic_USTo05
Description: Enabled
Printer: IBM Infoprint 1352
Numberofjobsinqueue:o
Last printout at: -
Main/ControllRoom3
Description: Service not configured, Master
Printer: -
Number of jobs in queue: -
Last printout at: -

The Application Bar (refer to Figure 4) occupies the area at the top of the Operator Workplace window. It is used for showing important information about your system.
The main use is to show the latest alarms, give easy access to the alarm situation for a process area as well as direct links to displays or other aspects and tools.
Note that in Operator Mode it is not possible to cover the Application Bar with other displays that is the Application Bar is a Safe Area.
The different parts of the Application Bar are described below.
Figure 4. Application Bar
Image

The Application Bar (refer to Figure 4) occupies the area at the top of the Operator Workplace window. It is used for showing important information about your system.
The main use is to show the latest alarms, give easy access to the alarm situation for a process area as well as direct links to displays or other aspects and tools.
Note that in Operator Mode it is not possible to cover the Application Bar with other displays that is the Application Bar is a Safe Area.
The different parts of the Application Bar are described below.
Figure 4. Application Bar
Image

Application Bar

Headings: Application Bar

[OCR_IMAGE_TEXT:img_00013]
Alarm Band
AlarmLine
System Alarm Band
Process
RTN
28 13:56:34:462
AM2
Inoperative
Service Provider in Operational State
alume
System
RTN
28 13:54:37:696
Service Provider in Operational State
33
33
RTN
Basic
28 13:54:37:696
Inoper ative
Service in Operation
5/2/200610:37
Operator Workplace
Replace
Operator Workplace:Startup Display

This section describes the procedure to acknowledge alarms in a graphic aspect. In the System 800xA, alarms are acknowledged by using the alarm list or by using the Alarm Control button available in the faceplate. Alarms in a graphic aspect can also be acknowledged using a single command. The command acknowledges alarms for all visible objects in the graphic aspect. Any alarms for the objects through which faceplates can be opened, are acknowledged.
Image
If a graphic display contains only primitive items that are configured to aspect object properties through expressions, then only the alarms for the object where the graphic display is located will be acknowledged.
Following are the two methods to acknowledge alarms in a graphic aspect using a single command:
1. Click the icon on the display bar of the graphic aspect preview as shown in Figure 46.
Figure 46. Display bar of a graphic aspect
Image
1. Right-click the preview area of the graphic aspect and select Acknowledge All Visible Alarms from the context menu as shown in Figure 47.
Figure 47. Context menu of a graphic aspect
Image

This section describes the procedure to acknowledge alarms in a graphic aspect. In the System 800xA, alarms are acknowledged by using the alarm list or by using the Alarm Control button available in the faceplate. Alarms in a graphic aspect can also be acknowledged using a single command. The command acknowledges alarms for all visible objects in the graphic aspect. Any alarms for the objects through which faceplates can be opened, are acknowledged.
Image
If a graphic display contains only primitive items that are configured to aspect object properties through expressions, then only the alarms for the object where the graphic display is located will be acknowledged.
Following are the two methods to acknowledge alarms in a graphic aspect using a single command:
1. Click the icon on the display bar of the graphic aspect preview as shown in Figure 46.
Figure 46. Display bar of a graphic aspect
Image
1. Right-click the preview area of the graphic aspect and select Acknowledge All Visible Alarms from the context menu as shown in Figure 47.
Figure 47. Context menu of a graphic aspect
Image

Acknowledging Alarms in a Graphic Aspect

Headings: Acknowledging Alarms in a Graphic Aspect

[OCR_IMAGE_TEXT:img_00069]
No text found

[OCR_IMAGE_TEXT:img_00070]
wl Mixing tanks:Tank Storage
Mixing tanks:Tank Storage
T2
Mixer 1

[OCR_IMAGE_TEXT:img_00071]
Mixing tanks:Tank Storage
Mixing tanks:Tank Storage
Mixing tanks
DefaultAspect
Acknowledge All Visible Alarms
Diagnostic..
42.62
Edit...
Acknowledge
Alarm List
Functional Structure
Mixing overview
Name
Tank Storage
References
Reference Tool
Details...

Question:

if my application bar is configure so in which figure number i can see in Alarm Logger Manager?


Rules:
1. Higher-ranked chunks are more reliable than lower-ranked chunks.Start searching for the answer from Rank 1.If multiple chunks contain the same information, prefer the highest-ranked one. Only move to Rank 2, Rank 3, etc., if the higher-ranked chunk does not contain the answer.Use ONLY the supplied context.
2. Do NOT use outside knowledge.
3. Return only the requested information.
4. Do not explain unless requested.
5. Do not summarize unless requested.
6. If the answer appears explicitly in the context, return it exactly.If the context partially answers the question, return the available information.Only reply 'Data is not available.' when no relevant information exists.
7. Preserve the original numbering.
8. Return the complete procedure related to Alarm Logger Manager.


Answer:

2026-07-16 09:31:02,429 | INFO     | 
Generating Answer...

2026-07-16 09:31:06,605 | INFO     | HTTP Request: POST http://127.0.0.1:11434/api/chat "HTTP/1.1 200 OK"
2026-07-16 09:31:06,606 | INFO     | ================================================================================
2026-07-16 09:31:06,606 | INFO     | FINAL ANSWER
2026-07-16 09:31:06,607 | INFO     | ================================================================================
2026-07-16 09:31:06,607 | INFO     | The Alarm Logger Manager is accessible via the Application Bar (if configured), see Figure 92.

It is also possible to access it via a Hot Key, if this is configured for your Operator Workplace.

Figure 92. Alarm Logger Manager in the Application Bar
Image
2026-07-16 09:31:06,607 | INFO     | 
================================================================================
2026-07-16 09:31:06,608 | INFO     | RETRIEVAL STATISTICS
2026-07-16 09:31:06,608 | INFO     | ================================================================================
2026-07-16 09:31:06,608 | INFO     | Vector Search Top-K : 5
2026-07-16 09:31:06,609 | INFO     | Reranker Top-K      : 3
2026-07-16 09:31:06,609 | INFO     | Context Chunks      : 3
2026-07-16 09:31:06,609 | INFO     | Prompt Characters   : 7212
2026-07-16 09:31:06,610 | INFO     | ================================================================================
2026-07-16 09:31:06,612 | INFO     |  Answer:- The Alarm Logger Manager is accessible via the Application Bar (if configured), see Figure 92.

It is also possible to access it via a Hot Key, if this is configured for your Operator Workplace.

Figure 92. Alarm Logger Manager in the Application Bar
Image
2026-07-16 09:33:26,443 | INFO     | HTTP Request: POST http://127.0.0.1:11434/api/chat "HTTP/1.1 200 OK"
2026-07-16 09:33:26,445 | INFO     | 
================================================================================
2026-07-16 09:33:26,445 | INFO     | SEARCH QUERY
2026-07-16 09:33:26,446 | INFO     | ================================================================================
2026-07-16 09:33:26,446 | INFO     | function to reduce element size
2026-07-16 09:33:26,446 | INFO     | 
================================================================================
2026-07-16 09:33:26,447 | INFO     | QUESTION SPECIFIC RULES
2026-07-16 09:33:26,447 | INFO     | ================================================================================
2026-07-16 09:33:26,448 | INFO     | - Preserve technical terminology exactly.
2026-07-16 09:33:26,449 | INFO     | - Return the complete procedure.
2026-07-16 09:33:26,450 | INFO     | -------
2026-07-16 09:33:26,450 | INFO     | ================================================================================
2026-07-16 09:33:26,451 | INFO     | SEARCH QUERY
2026-07-16 09:33:26,452 | INFO     | ================================================================================
2026-07-16 09:33:26,453 | INFO     | function to reduce element size
2026-07-16 09:33:26,453 | INFO     | **************
2026-07-16 09:33:26,454 | INFO     | ================================================================================
2026-07-16 09:33:26,454 | INFO     | QUESTION SPECIFIC RULES
2026-07-16 09:33:26,454 | INFO     | ================================================================================
2026-07-16 09:33:26,558 | INFO     | 
Connecting PostgreSQL...
2026-07-16 09:33:26,628 | INFO     | 
================================================================================
2026-07-16 09:33:26,629 | INFO     | TOP VECTOR SEARCH RESULTS
2026-07-16 09:33:26,630 | INFO     | ================================================================================
2026-07-16 09:33:26,631 | INFO     | 
Rank : 1
2026-07-16 09:33:26,632 | INFO     | Distance : 0.45469
2026-07-16 09:33:26,633 | INFO     | Source : ABB 800xA.pdf
2026-07-16 09:33:26,633 | INFO     | --------------------------------------------------------------------------------
2026-07-16 09:33:26,634 | INFO     | The faceplate element area in Figure 187 contains two tab groups with the displayed faceplate elements Interlock and TrimCurve.
Figure 187. Example of a Faceplate Element Area
Image
The faceplate element area can also contain graphic information as shown in Figure 188.
Figure 188. Faceplate Element 
2026-07-16 09:33:26,635 | INFO     | 
Rank : 2
2026-07-16 09:33:26,635 | INFO     | Distance : 0.45679
2026-07-16 09:33:26,635 | INFO     | Source : ABB 800xA.pdf
2026-07-16 09:33:26,636 | INFO     | --------------------------------------------------------------------------------
2026-07-16 09:33:26,636 | INFO     | To open the context menu right-click in the window.
Figure 138. Structure Diagram, Context Menu
Image
Image
The context menu allows the following selection:
Table 11. Context Menu Functions
Zoom -, Description = Selection of zoom - allows to make the elements smaller. Zoom +, Description = Selection
2026-07-16 09:33:26,637 | INFO     | 
Rank : 3
2026-07-16 09:33:26,637 | INFO     | Distance : 0.47132
2026-07-16 09:33:26,638 | INFO     | Source : ABB 800xA.pdf
2026-07-16 09:33:26,638 | INFO     | --------------------------------------------------------------------------------
2026-07-16 09:33:26,640 | INFO     | The faceplate element area in Figure 58 contains two tab groups with the displayed faceplate elements Interlock and TrimCurve.
Figure 58. Example of a Faceplate Element Area
Image
The faceplate element area can also contain graphic information as shown in Figure 59.
Figure 59. Faceplate Element with
2026-07-16 09:33:26,641 | INFO     | 
Rank : 4
2026-07-16 09:33:26,641 | INFO     | Distance : 0.47541
2026-07-16 09:33:26,642 | INFO     | Source : ABB 800xA.pdf
2026-07-16 09:33:26,642 | INFO     | --------------------------------------------------------------------------------
2026-07-16 09:33:26,643 | INFO     | With the filter drop-down menu (on the right-hand side of the Tool Bar) you can limit the information in for example an object's context menu to show only the information that is relevant for you. There are different filters for different users.
Figure 11. Filter Drop-Down Menu
Image
The tooltips in
2026-07-16 09:33:26,643 | INFO     | 
Rank : 5
2026-07-16 09:33:26,643 | INFO     | Distance : 0.47879
2026-07-16 09:33:26,644 | INFO     | Source : ABB 800xA.pdf
2026-07-16 09:33:26,644 | INFO     | --------------------------------------------------------------------------------
2026-07-16 09:33:26,644 | INFO     | The area size ruler (see Figure 123) is used for zooming in an area. To use this ruler in the Main and Top Views:

1. Select the area size ruler in the Select Ruler drop-down menu or if it is selected click the ruler button in the Trend Tool Bar. This will place the ruler on the graphical view.
2. 
2026-07-16 09:33:36,927 | INFO     | 
================================================================================
2026-07-16 09:33:36,928 | INFO     | TOP RERANKED CHUNKS
2026-07-16 09:33:36,929 | INFO     | ================================================================================
2026-07-16 09:33:36,929 | INFO     | 
Rank : 1
2026-07-16 09:33:36,930 | INFO     | Distance : 0.45679
2026-07-16 09:33:36,931 | INFO     | Reranker : 0.96865
2026-07-16 09:33:36,931 | INFO     | Source : ABB 800xA.pdf
2026-07-16 09:33:36,932 | INFO     | --------------------------------------------------------------------------------
2026-07-16 09:33:36,933 | INFO     | To open the context menu right-click in the window.
Figure 138. Structure Diagram, Context Menu
Image
Image
The context menu allows the following selection:
Table 11. Context Menu Functions
Zoom -, Description = Selection of zoom - allows to make the elements smaller. Zoom +, Description = Selection of zoom + allows to make the elements bigger. Zoom >, Description = The opened submenu allows to select a specific zoom level. Whole Structure, Description = Display the whole network structure. Defa
2026-07-16 09:33:36,934 | INFO     | 
Rank : 2
2026-07-16 09:33:36,934 | INFO     | Distance : 0.47132
2026-07-16 09:33:36,934 | INFO     | Reranker : 0.01706
2026-07-16 09:33:36,935 | INFO     | Source : ABB 800xA.pdf
2026-07-16 09:33:36,935 | INFO     | --------------------------------------------------------------------------------
2026-07-16 09:33:36,936 | INFO     | The faceplate element area in Figure 58 contains two tab groups with the displayed faceplate elements Interlock and TrimCurve.
Figure 58. Example of a Faceplate Element Area
Image
The faceplate element area can also contain graphic information as shown in Figure 59.
Figure 59. Faceplate Element with Bargraph
Image
- Bargraph

The bargraph displays an object property value. You can modify the value by dragging the handle.
- Numeric presentation window  Displays the value of some object property
2026-07-16 09:33:36,937 | INFO     | 
Rank : 3
2026-07-16 09:33:36,937 | INFO     | Distance : 0.45469
2026-07-16 09:33:36,937 | INFO     | Reranker : 0.01287
2026-07-16 09:33:36,938 | INFO     | Source : ABB 800xA.pdf
2026-07-16 09:33:36,939 | INFO     | --------------------------------------------------------------------------------
2026-07-16 09:33:36,939 | INFO     | The faceplate element area in Figure 187 contains two tab groups with the displayed faceplate elements Interlock and TrimCurve.
Figure 187. Example of a Faceplate Element Area
Image
The faceplate element area can also contain graphic information as shown in Figure 188.
Figure 188. Faceplate Element with Bargraph
Image
- Bargraph

The bargraph displays an object property value. You can modify the value by dragging the handle.
- Numeric presentation window  Displays the value of some object prop
2026-07-16 09:33:36,940 | INFO     | 
================================================================================
2026-07-16 09:33:36,940 | INFO     | 
================================================================================
2026-07-16 09:33:36,942 | INFO     | RULES
2026-07-16 09:33:36,943 | INFO     | ================================================================================
2026-07-16 09:33:36,944 | INFO     | 1. Higher-ranked chunks are more reliable than lower-ranked chunks.Start searching for the answer from Rank 1.If multiple chunks contain the same information, prefer the highest-ranked one. Only move to Rank 2, Rank 3, etc., if the higher-ranked chunk does not contain the answer.Use ONLY the supplied context.
2026-07-16 09:33:36,944 | INFO     | 2. Do NOT use outside knowledge.
2026-07-16 09:33:36,944 | INFO     | 3. Return only the requested information.
2026-07-16 09:33:36,945 | INFO     | 4. Do not explain unless requested.
2026-07-16 09:33:36,946 | INFO     | 5. Do not summarize unless requested.
2026-07-16 09:33:36,947 | INFO     | 6. If the answer appears explicitly in the context, return it exactly.If the context partially answers the question, return the available information.Only reply 'Data is not available.' when no relevant information exists.
2026-07-16 09:33:36,948 | INFO     | 7. Preserve technical terminology exactly.
2026-07-16 09:33:36,949 | INFO     | 8. Return the complete procedure.
2026-07-16 09:33:36,951 | INFO     | prompt:= 
You are a RAG assistant.

Answer ONLY from the supplied context.

Context:
To open the context menu right-click in the window.
Figure 138. Structure Diagram, Context Menu
Image
Image
The context menu allows the following selection:
Table 11. Context Menu Functions
Zoom -, Description = Selection of zoom - allows to make the elements smaller. Zoom +, Description = Selection of zoom + allows to make the elements bigger. Zoom >, Description = The opened submenu allows to select a specific zoom level. Whole Structure, Description = Display the whole network structure. Default Size, Description = Display the elements with default size inside the structure window. Auto Scroll, Description = The display is updated automatically as the sequence continues to be processed. Deselection allows to move manually over the network structure

To open the context menu right-click in the window.
Figure 138. Structure Diagram, Context Menu
Image
Image
The context menu allows the following selection:
Table 11. Context Menu Functions
Zoom -, Description = Selection of zoom - allows to make the elements smaller. Zoom +, Description = Selection of zoom + allows to make the elements bigger. Zoom >, Description = The opened submenu allows to select a specific zoom level. Whole Structure, Description = Display the whole network structure. Default Size, Description = Display the elements with default size inside the structure window. Auto Scroll, Description = The display is updated automatically as the sequence continues to be processed. Deselection allows to move manually over the network structure

Zooming

Headings: Zooming

[OCR_IMAGE_TEXT:img_00248]
Programl : Code SFC Viewer
Program1:Code SFC Viewer
S1
Zoom-
Zoom+
Tr2
Zoom>
50 %
Tr13
Whole Structure
75 %
S4
Actual Size
100 %
125 %
Auto Scroll
150 %
DisableAll Actions
Tr4
175 %
Block AllTransitions
200 %
Lock
S5
300 %
Tr6
Tr9
Tr14
S9
S14
Tr13
Tr12
Tr15
S4
S12

[OCR_IMAGE_TEXT:img_00249]
No text found

The faceplate element area in Figure 58 contains two tab groups with the displayed faceplate elements Interlock and TrimCurve.
Figure 58. Example of a Faceplate Element Area
Image
The faceplate element area can also contain graphic information as shown in Figure 59.
Figure 59. Faceplate Element with Bargraph
Image
- Bargraph

The bargraph displays an object property value. You can modify the value by dragging the handle.
- Numeric presentation window  Displays the value of some object property.
- Direct entry window

Open the handle via a click in the bargraph, or in the numeric presentation. Modify the data in the direct entry window by:
- -Manually enter the value in the direct entry window.
- -Click the Up and Down arrows) in the direct entry window. This changes the value to a smaller range (1%).

- -Use the up and down arrow keys on the keyboard. This changes the value to a smaller range (1%).

The faceplate element area in Figure 58 contains two tab groups with the displayed faceplate elements Interlock and TrimCurve.
Figure 58. Example of a Faceplate Element Area
Image
The faceplate element area can also contain graphic information as shown in Figure 59.
Figure 59. Faceplate Element with Bargraph
Image
- Bargraph

The bargraph displays an object property value. You can modify the value by dragging the handle.
- Numeric presentation window  Displays the value of some object property.
- Direct entry window

Open the handle via a click in the bargraph, or in the numeric presentation. Modify the data in the direct entry window by:
- -Manually enter the value in the direct entry window.
- -Click the Up and Down arrows) in the direct entry window. This changes the value to a smaller range (1%).

- -Use the up and down arrow keys on the keyboard. This changes the value to a smaller range (1%).

Element Area

Headings: Element Area

[OCR_IMAGE_TEXT:img_00099]
Tabgroup1
Tab group 2
Interlock
Command
10Status
Trim Curves
Parameters
100.00
ProcessInterlock
MY
Forced to Foward
Forced to Reverse
Safety Interlock
MP301
MP301
MP301
Start/Stop Interlock
Others
Foward
OE Disabled
Reverse
Inhibit
Stop
0.00
4M
Grid
OMS

[OCR_IMAGE_TEXT:img_00100]
100
MV
20.00

The faceplate element area in Figure 187 contains two tab groups with the displayed faceplate elements Interlock and TrimCurve.
Figure 187. Example of a Faceplate Element Area
Image
The faceplate element area can also contain graphic information as shown in Figure 188.
Figure 188. Faceplate Element with Bargraph
Image
- Bargraph

The bargraph displays an object property value. You can modify the value by dragging the handle.
- Numeric presentation window  Displays the value of some object property.
- Direct entry window

Open the handle via a click in the bargraph, or in the numeric presentation. Modify the data in the direct entry window by:
- -Manually enter the value in the direct entry window.
- -Click the Up and Down arrows) in the direct entry window. This changes the value to a smaller range (1%).


- -Use the up and down arrow keys on the keyboard. This changes the value to a smaller range (1%).
- -Use the Page Up and Page Down keys on the keyboard.  This changes the value more (10%), than the two previous alternatives. Apply the value:
Click the Apply button, or press Enter on the keyboard.

Cancel and close the direct entry window (there are several ways):

Press the Esc key on the keyboard, or click in a neutral area on the side, within the faceplate.

The faceplate element area in Figure 187 contains two tab groups with the displayed faceplate elements Interlock and TrimCurve.
Figure 187. Example of a Faceplate Element Area
Image
The faceplate element area can also contain graphic information as shown in Figure 188.
Figure 188. Faceplate Element with Bargraph
Image
- Bargraph

The bargraph displays an object property value. You can modify the value by dragging the handle.
- Numeric presentation window  Displays the value of some object property.
- Direct entry window

Open the handle via a click in the bargraph, or in the numeric presentation. Modify the data in the direct entry window by:
- -Manually enter the value in the direct entry window.
- -Click the Up and Down arrows) in the direct entry window. This changes the value to a smaller range (1%).


- -Use the up and down arrow keys on the keyboard. This changes the value to a smaller range (1%).
- -Use the Page Up and Page Down keys on the keyboard.  This changes the value more (10%), than the two previous alternatives. Apply the value:
Click the Apply button, or press Enter on the keyboard.

Cancel and close the direct entry window (there are several ways):

Press the Esc key on the keyboard, or click in a neutral area on the side, within the faceplate.

Element Area

Headings: Element Area

[OCR_IMAGE_TEXT:img_00342]
Tab group 1
Tab group 2
Interlock
Command
10Status
TrimCurves
Parameters
ProcessInterlock
100.00
Forced to Foward
Forced to Reverse
Safety Interlock
MP301
MP301
MP301
Start/Stop Interlock
Others
Foward
OE Disabled
Revetse
Inhibit
Stop
0.00
4M
Grid
OMS

[OCR_IMAGE_TEXT:img_00343]
100
MV
44.32

Question:

which function allows to make the elements smaller?


Rules:
1. Higher-ranked chunks are more reliable than lower-ranked chunks.Start searching for the answer from Rank 1.If multiple chunks contain the same information, prefer the highest-ranked one. Only move to Rank 2, Rank 3, etc., if the higher-ranked chunk does not contain the answer.Use ONLY the supplied context.
2. Do NOT use outside knowledge.
3. Return only the requested information.
4. Do not explain unless requested.
5. Do not summarize unless requested.
6. If the answer appears explicitly in the context, return it exactly.If the context partially answers the question, return the available information.Only reply 'Data is not available.' when no relevant information exists.
7. Preserve technical terminology exactly.
8. Return the complete procedure.


Answer:

2026-07-16 09:33:36,952 | INFO     | 
Generating Answer...

2026-07-16 09:33:39,546 | INFO     | HTTP Request: POST http://127.0.0.1:11434/api/chat "HTTP/1.1 200 OK"
2026-07-16 09:33:39,546 | INFO     | ================================================================================
2026-07-16 09:33:39,547 | INFO     | FINAL ANSWER
2026-07-16 09:33:39,547 | INFO     | ================================================================================
2026-07-16 09:33:39,548 | INFO     | Zoom - allows to make the elements smaller.
2026-07-16 09:33:39,549 | INFO     | 
================================================================================
2026-07-16 09:33:39,549 | INFO     | RETRIEVAL STATISTICS
2026-07-16 09:33:39,550 | INFO     | ================================================================================
2026-07-16 09:33:39,550 | INFO     | Vector Search Top-K : 5
2026-07-16 09:33:39,551 | INFO     | Reranker Top-K      : 3
2026-07-16 09:33:39,551 | INFO     | Context Chunks      : 3
2026-07-16 09:33:39,551 | INFO     | Prompt Characters   : 7945
2026-07-16 09:33:39,552 | INFO     | ================================================================================
2026-07-16 09:33:39,553 | INFO     |  Answer:- Zoom - allows to make the elements smaller.
2026-07-16 11:54:20,228 | INFO     | HTTP Request: POST http://127.0.0.1:11434/api/chat "HTTP/1.1 200 OK"
2026-07-16 11:54:20,248 | INFO     | 
================================================================================
2026-07-16 11:54:20,250 | INFO     | SEARCH QUERY
2026-07-16 11:54:20,251 | INFO     | ================================================================================
2026-07-16 11:54:20,253 | INFO     | function allowing elements to be smaller
2026-07-16 11:54:20,254 | INFO     | 
================================================================================
2026-07-16 11:54:20,254 | INFO     | QUESTION SPECIFIC RULES
2026-07-16 11:54:20,255 | INFO     | ================================================================================
2026-07-16 11:54:20,256 | INFO     | - Preserve technical terminology exactly.
2026-07-16 11:54:20,256 | INFO     | - Remove conversational words.
2026-07-16 11:54:20,257 | INFO     | -------
2026-07-16 11:54:20,258 | INFO     | ================================================================================
2026-07-16 11:54:20,259 | INFO     | SEARCH QUERY
2026-07-16 11:54:20,260 | INFO     | ================================================================================
2026-07-16 11:54:20,261 | INFO     | function allowing elements to be smaller
2026-07-16 11:54:20,261 | INFO     | **************
2026-07-16 11:54:20,263 | INFO     | ================================================================================
2026-07-16 11:54:20,265 | INFO     | QUESTION SPECIFIC RULES
2026-07-16 11:54:20,266 | INFO     | ================================================================================
2026-07-16 11:54:21,695 | INFO     | 
Connecting PostgreSQL...
2026-07-16 11:54:22,080 | INFO     | 
================================================================================
2026-07-16 11:54:22,082 | INFO     | TOP VECTOR SEARCH RESULTS
2026-07-16 11:54:22,082 | INFO     | ================================================================================
2026-07-16 11:54:22,083 | INFO     | 
Rank : 1
2026-07-16 11:54:22,084 | INFO     | Distance : 0.47238
2026-07-16 11:54:22,084 | INFO     | Source : ABB 800xA.pdf
2026-07-16 11:54:22,085 | INFO     | --------------------------------------------------------------------------------
2026-07-16 11:54:22,086 | INFO     | To open the context menu right-click in the window.
Figure 138. Structure Diagram, Context Menu
Image
Image
The context menu allows the following selection:
Table 11. Context Menu Functions
Zoom -, Description = Selection of zoom - allows to make the elements smaller. Zoom +, Description = Selection
2026-07-16 11:54:22,087 | INFO     | 
Rank : 2
2026-07-16 11:54:22,087 | INFO     | Distance : 0.50109
2026-07-16 11:54:22,087 | INFO     | Source : ABB 800xA.pdf
2026-07-16 11:54:22,088 | INFO     | --------------------------------------------------------------------------------
2026-07-16 11:54:22,089 | INFO     | The faceplate element area in Figure 58 contains two tab groups with the displayed faceplate elements Interlock and TrimCurve.
Figure 58. Example of a Faceplate Element Area
Image
The faceplate element area can also contain graphic information as shown in Figure 59.
Figure 59. Faceplate Element with
2026-07-16 11:54:22,089 | INFO     | 
Rank : 3
2026-07-16 11:54:22,091 | INFO     | Distance : 0.50674
2026-07-16 11:54:22,092 | INFO     | Source : ABB 800xA.pdf
2026-07-16 11:54:22,092 | INFO     | --------------------------------------------------------------------------------
2026-07-16 11:54:22,093 | INFO     | The faceplate element area in Figure 187 contains two tab groups with the displayed faceplate elements Interlock and TrimCurve.
Figure 187. Example of a Faceplate Element Area
Image
The faceplate element area can also contain graphic information as shown in Figure 188.
Figure 188. Faceplate Element 
2026-07-16 11:54:22,093 | INFO     | 
Rank : 4
2026-07-16 11:54:22,094 | INFO     | Distance : 0.50912
2026-07-16 11:54:22,094 | INFO     | Source : ABB 800xA.pdf
2026-07-16 11:54:22,095 | INFO     | --------------------------------------------------------------------------------
2026-07-16 11:54:22,095 | INFO     | With the filter drop-down menu (on the right-hand side of the Tool Bar) you can limit the information in for example an object's context menu to show only the information that is relevant for you. There are different filters for different users.
Figure 11. Filter Drop-Down Menu
Image
The tooltips in
2026-07-16 11:54:22,096 | INFO     | 
Rank : 5
2026-07-16 11:54:22,097 | INFO     | Distance : 0.52565
2026-07-16 11:54:22,097 | INFO     | Source : ABB 800xA.pdf
2026-07-16 11:54:22,098 | INFO     | --------------------------------------------------------------------------------
2026-07-16 11:54:22,099 | INFO     | Shortcuts make it easy to navigate to the most important and/or most frequently used aspects of different aspect objects. You use shortcuts for one-click access to a specific display. The display is an aspect of an aspect object. The icon representing the shortcut is the aspect object icon.
You can 
2026-07-16 11:54:35,498 | INFO     | 
================================================================================
2026-07-16 11:54:35,499 | INFO     | TOP RERANKED CHUNKS
2026-07-16 11:54:35,500 | INFO     | ================================================================================
2026-07-16 11:54:35,501 | INFO     | 
Rank : 1
2026-07-16 11:54:35,502 | INFO     | Distance : 0.47238
2026-07-16 11:54:35,503 | INFO     | Reranker : 0.98351
2026-07-16 11:54:35,503 | INFO     | Source : ABB 800xA.pdf
2026-07-16 11:54:35,504 | INFO     | --------------------------------------------------------------------------------
2026-07-16 11:54:35,506 | INFO     | To open the context menu right-click in the window.
Figure 138. Structure Diagram, Context Menu
Image
Image
The context menu allows the following selection:
Table 11. Context Menu Functions
Zoom -, Description = Selection of zoom - allows to make the elements smaller. Zoom +, Description = Selection of zoom + allows to make the elements bigger. Zoom >, Description = The opened submenu allows to select a specific zoom level. Whole Structure, Description = Display the whole network structure. Defa
2026-07-16 11:54:35,509 | INFO     | 
Rank : 2
2026-07-16 11:54:35,510 | INFO     | Distance : 0.50109
2026-07-16 11:54:35,511 | INFO     | Reranker : 0.06816
2026-07-16 11:54:35,512 | INFO     | Source : ABB 800xA.pdf
2026-07-16 11:54:35,512 | INFO     | --------------------------------------------------------------------------------
2026-07-16 11:54:35,513 | INFO     | The faceplate element area in Figure 58 contains two tab groups with the displayed faceplate elements Interlock and TrimCurve.
Figure 58. Example of a Faceplate Element Area
Image
The faceplate element area can also contain graphic information as shown in Figure 59.
Figure 59. Faceplate Element with Bargraph
Image
- Bargraph

The bargraph displays an object property value. You can modify the value by dragging the handle.
- Numeric presentation window  Displays the value of some object property
2026-07-16 11:54:35,515 | INFO     | 
Rank : 3
2026-07-16 11:54:35,516 | INFO     | Distance : 0.50674
2026-07-16 11:54:35,517 | INFO     | Reranker : 0.04087
2026-07-16 11:54:35,518 | INFO     | Source : ABB 800xA.pdf
2026-07-16 11:54:35,519 | INFO     | --------------------------------------------------------------------------------
2026-07-16 11:54:35,519 | INFO     | The faceplate element area in Figure 187 contains two tab groups with the displayed faceplate elements Interlock and TrimCurve.
Figure 187. Example of a Faceplate Element Area
Image
The faceplate element area can also contain graphic information as shown in Figure 188.
Figure 188. Faceplate Element with Bargraph
Image
- Bargraph

The bargraph displays an object property value. You can modify the value by dragging the handle.
- Numeric presentation window  Displays the value of some object prop
2026-07-16 11:54:35,520 | INFO     | 
================================================================================
2026-07-16 11:54:35,520 | INFO     | 
================================================================================
2026-07-16 11:54:35,522 | INFO     | RULES
2026-07-16 11:54:35,524 | INFO     | ================================================================================
2026-07-16 11:54:35,525 | INFO     | 1. Higher-ranked chunks are more reliable than lower-ranked chunks.Start searching for the answer from Rank 1.If multiple chunks contain the same information, prefer the highest-ranked one. Only move to Rank 2, Rank 3, etc., if the higher-ranked chunk does not contain the answer.Use ONLY the supplied context.
2026-07-16 11:54:35,528 | INFO     | 2. Do NOT use outside knowledge.
2026-07-16 11:54:35,529 | INFO     | 3. Return only the requested information.
2026-07-16 11:54:35,530 | INFO     | 4. Do not explain unless requested.
2026-07-16 11:54:35,531 | INFO     | 5. Do not summarize unless requested.
2026-07-16 11:54:35,532 | INFO     | 6. If the answer appears explicitly in the context, return it exactly.If the context partially answers the question, return the available information.Only reply 'Data is not available.' when no relevant information exists.
2026-07-16 11:54:35,532 | INFO     | 7. Preserve technical terminology exactly.
2026-07-16 11:54:35,534 | INFO     | 8. Remove conversational words.
2026-07-16 11:54:35,536 | INFO     | prompt:= 
You are a RAG assistant.

Answer ONLY from the supplied context.

Context:
To open the context menu right-click in the window.
Figure 138. Structure Diagram, Context Menu
Image
Image
The context menu allows the following selection:
Table 11. Context Menu Functions
Zoom -, Description = Selection of zoom - allows to make the elements smaller. Zoom +, Description = Selection of zoom + allows to make the elements bigger. Zoom >, Description = The opened submenu allows to select a specific zoom level. Whole Structure, Description = Display the whole network structure. Default Size, Description = Display the elements with default size inside the structure window. Auto Scroll, Description = The display is updated automatically as the sequence continues to be processed. Deselection allows to move manually over the network structure

To open the context menu right-click in the window.
Figure 138. Structure Diagram, Context Menu
Image
Image
The context menu allows the following selection:
Table 11. Context Menu Functions
Zoom -, Description = Selection of zoom - allows to make the elements smaller. Zoom +, Description = Selection of zoom + allows to make the elements bigger. Zoom >, Description = The opened submenu allows to select a specific zoom level. Whole Structure, Description = Display the whole network structure. Default Size, Description = Display the elements with default size inside the structure window. Auto Scroll, Description = The display is updated automatically as the sequence continues to be processed. Deselection allows to move manually over the network structure

Zooming

Headings: Zooming

[OCR_IMAGE_TEXT:img_00248]
Programl : Code SFC Viewer
Program1:Code SFC Viewer
S1
Zoom-
Zoom+
Tr2
Zoom>
50 %
Tr13
Whole Structure
75 %
S4
Actual Size
100 %
125 %
Auto Scroll
150 %
DisableAll Actions
Tr4
175 %
Block AllTransitions
200 %
Lock
S5
300 %
Tr6
Tr9
Tr14
S9
S14
Tr13
Tr12
Tr15
S4
S12

[OCR_IMAGE_TEXT:img_00249]
No text found

The faceplate element area in Figure 58 contains two tab groups with the displayed faceplate elements Interlock and TrimCurve.
Figure 58. Example of a Faceplate Element Area
Image
The faceplate element area can also contain graphic information as shown in Figure 59.
Figure 59. Faceplate Element with Bargraph
Image
- Bargraph

The bargraph displays an object property value. You can modify the value by dragging the handle.
- Numeric presentation window  Displays the value of some object property.
- Direct entry window

Open the handle via a click in the bargraph, or in the numeric presentation. Modify the data in the direct entry window by:
- -Manually enter the value in the direct entry window.
- -Click the Up and Down arrows) in the direct entry window. This changes the value to a smaller range (1%).

- -Use the up and down arrow keys on the keyboard. This changes the value to a smaller range (1%).

The faceplate element area in Figure 58 contains two tab groups with the displayed faceplate elements Interlock and TrimCurve.
Figure 58. Example of a Faceplate Element Area
Image
The faceplate element area can also contain graphic information as shown in Figure 59.
Figure 59. Faceplate Element with Bargraph
Image
- Bargraph

The bargraph displays an object property value. You can modify the value by dragging the handle.
- Numeric presentation window  Displays the value of some object property.
- Direct entry window

Open the handle via a click in the bargraph, or in the numeric presentation. Modify the data in the direct entry window by:
- -Manually enter the value in the direct entry window.
- -Click the Up and Down arrows) in the direct entry window. This changes the value to a smaller range (1%).

- -Use the up and down arrow keys on the keyboard. This changes the value to a smaller range (1%).

Element Area

Headings: Element Area

[OCR_IMAGE_TEXT:img_00099]
Tabgroup1
Tab group 2
Interlock
Command
10Status
Trim Curves
Parameters
100.00
ProcessInterlock
MY
Forced to Foward
Forced to Reverse
Safety Interlock
MP301
MP301
MP301
Start/Stop Interlock
Others
Foward
OE Disabled
Reverse
Inhibit
Stop
0.00
4M
Grid
OMS

[OCR_IMAGE_TEXT:img_00100]
100
MV
20.00

The faceplate element area in Figure 187 contains two tab groups with the displayed faceplate elements Interlock and TrimCurve.
Figure 187. Example of a Faceplate Element Area
Image
The faceplate element area can also contain graphic information as shown in Figure 188.
Figure 188. Faceplate Element with Bargraph
Image
- Bargraph

The bargraph displays an object property value. You can modify the value by dragging the handle.
- Numeric presentation window  Displays the value of some object property.
- Direct entry window

Open the handle via a click in the bargraph, or in the numeric presentation. Modify the data in the direct entry window by:
- -Manually enter the value in the direct entry window.
- -Click the Up and Down arrows) in the direct entry window. This changes the value to a smaller range (1%).


- -Use the up and down arrow keys on the keyboard. This changes the value to a smaller range (1%).
- -Use the Page Up and Page Down keys on the keyboard.  This changes the value more (10%), than the two previous alternatives. Apply the value:
Click the Apply button, or press Enter on the keyboard.

Cancel and close the direct entry window (there are several ways):

Press the Esc key on the keyboard, or click in a neutral area on the side, within the faceplate.

The faceplate element area in Figure 187 contains two tab groups with the displayed faceplate elements Interlock and TrimCurve.
Figure 187. Example of a Faceplate Element Area
Image
The faceplate element area can also contain graphic information as shown in Figure 188.
Figure 188. Faceplate Element with Bargraph
Image
- Bargraph

The bargraph displays an object property value. You can modify the value by dragging the handle.
- Numeric presentation window  Displays the value of some object property.
- Direct entry window

Open the handle via a click in the bargraph, or in the numeric presentation. Modify the data in the direct entry window by:
- -Manually enter the value in the direct entry window.
- -Click the Up and Down arrows) in the direct entry window. This changes the value to a smaller range (1%).


- -Use the up and down arrow keys on the keyboard. This changes the value to a smaller range (1%).
- -Use the Page Up and Page Down keys on the keyboard.  This changes the value more (10%), than the two previous alternatives. Apply the value:
Click the Apply button, or press Enter on the keyboard.

Cancel and close the direct entry window (there are several ways):

Press the Esc key on the keyboard, or click in a neutral area on the side, within the faceplate.

Element Area

Headings: Element Area

[OCR_IMAGE_TEXT:img_00342]
Tab group 1
Tab group 2
Interlock
Command
10Status
TrimCurves
Parameters
ProcessInterlock
100.00
Forced to Foward
Forced to Reverse
Safety Interlock
MP301
MP301
MP301
Start/Stop Interlock
Others
Foward
OE Disabled
Revetse
Inhibit
Stop
0.00
4M
Grid
OMS

[OCR_IMAGE_TEXT:img_00343]
100
MV
44.32

Question:

which function allows to make the elements smaller?


Rules:
1. Higher-ranked chunks are more reliable than lower-ranked chunks.Start searching for the answer from Rank 1.If multiple chunks contain the same information, prefer the highest-ranked one. Only move to Rank 2, Rank 3, etc., if the higher-ranked chunk does not contain the answer.Use ONLY the supplied context.
2. Do NOT use outside knowledge.
3. Return only the requested information.
4. Do not explain unless requested.
5. Do not summarize unless requested.
6. If the answer appears explicitly in the context, return it exactly.If the context partially answers the question, return the available information.Only reply 'Data is not available.' when no relevant information exists.
7. Preserve technical terminology exactly.
8. Remove conversational words.


Answer:

2026-07-16 11:54:35,539 | INFO     | 
Generating Answer...

2026-07-16 11:54:37,697 | INFO     | HTTP Request: POST http://127.0.0.1:11434/api/chat "HTTP/1.1 200 OK"
2026-07-16 11:54:37,700 | INFO     | ================================================================================
2026-07-16 11:54:37,701 | INFO     | FINAL ANSWER
2026-07-16 11:54:37,701 | INFO     | ================================================================================
2026-07-16 11:54:37,702 | INFO     | Zoom -.
2026-07-16 11:54:37,702 | INFO     | 
================================================================================
2026-07-16 11:54:37,703 | INFO     | RETRIEVAL STATISTICS
2026-07-16 11:54:37,703 | INFO     | ================================================================================
2026-07-16 11:54:37,704 | INFO     | Vector Search Top-K : 5
2026-07-16 11:54:37,704 | INFO     | Reranker Top-K      : 3
2026-07-16 11:54:37,705 | INFO     | Context Chunks      : 3
2026-07-16 11:54:37,705 | INFO     | Prompt Characters   : 7943
2026-07-16 11:54:37,705 | INFO     | ================================================================================
2026-07-16 11:54:37,717 | INFO     |  Answer:- Zoom -.
